0,1
-0.12153498770589172,-0.22876336662059174
-0.22093686907678223,-0.2525108818583161
0.12590369736426266,-0.27314321222646865
-0.16453687960508664,-0.22224403324810751
-0.1808239200242353,-0.21107455066409284
-0.031929591523585904,-0.25685872198398024
-0.026347362550777936,-0.26967662928236
-0.07528464842988633,-0.24028397089430079
-0.14064572629348343,-0.19067135663210807
-0.057835462285466294,-0.23267332454507453
-0.025068220978241268,-0.2758581937281868
-0.10660503921069066,-0.21760083854246312
0.011945710331580983,-0.27670260402917446
-0.062428521126065534,-0.25730685258955804
-0.06293001410594629,-0.22146387520317798
-0.18371835977791937,-0.25642435704639066
-0.07615308273614471,-0.2465122953605053
0.03222447571045445,-0.2840646524960686
-0.10483531680000734,-0.22878630343895678
-0.18993494122912058,-0.25055238231851035
-0.08060931912654726,-0.24401963070901106
-0.2972453132213544,-0.2954291611314105
-0.051226041750871115,-0.24785766295555214
-0.002241228480397789,-0.2668162353698461
0.06149760312347674,-0.29178485688130723
-0.20684540745368152,-0.25022035771332507
-0.07566995655843997,-0.21768542614777459
0.09938722012884338,-0.2865050361387158
-0.023921818166100617,-0.2561700863676956
-0.03063300593219806,-0.24263189505239743
-0.09092947145336111,-0.22486974100670493
0.0018520489702253395,-0.2880912530179906
-0.12962584707126382,-0.2074769309164986
-0.04212740399720871,-0.23205722131546028
-0.10003345539330885,-0.22973392133491705
-0.07574144052799045,-0.2308998209760705
-0.1762240895550639,-0.2266527498612873
-0.2105345165202443,-0.24741133214005484
-0.0663952245129722,-0.23299433050736165
-0.042733290077106995,-0.23877179066182128
-0.07977470968758255,-0.20017979727369065
-0.18569359400246507,-0.22134426823883271
-0.24443347524898967,-0.2529802737431419
-0.06704787520681774,-0.22288837690150953
-0.19047699251319145,-0.22938314871824983
-0.11353986950428885,-0.21251335435912275
0.011426891433143016,-0.29043022300998744
-0.27927826183022497,-0.2775229541416128
-0.14799268259078258,-0.2358618381617564
-0.114387677838726,-0.2202288833355311
-0.19846660098576735,-0.24474134820918744
-0.092711087899676,-0.22489187810333153
-0.14200334986862068,-0.20137607510569738
-0.2126132103294519,-0.23088617479224996
-0.007303173674661295,-0.2737229719195624
-0.06059996485587871,-0.23575284507436506
-0.03673563164280011,-0.2709257292113354
-0.19491441947493315,-0.25360989534167594
-0.05268480393008046,-0.2626067712744848
-0.14277583112164288,-0.20821670538782552
-0.06635479264786687,-0.2381121419939955
-0.14170447333696484,-0.20972656912426427
-0.2196013112162915,-0.26712333011006256
-0.12681524861164647,-0.21834264632354508
-0.1405126992585105,-0.21226802938786757
-0.05946382841861819,-0.2510240514061683
-0.14580833599396076,-0.2273170412597018
-0.19993770515244302,-0.24912261810608274
-0.06788249877333788,-0.23615168802420666
-0.0735243911543641,-0.2285053994228743
-0.14529768662394163,-0.18891411306256572
0.029621522038740244,-0.27424741968531047
-0.22543504304109796,-0.24574085273012403
0.04011235385391276,-0.27488927358402965
-0.23725773521367408,-0.256209720323
-0.18774312521366662,-0.21043607109866685
0.02091860444098409,-0.30115263457585745
-0.04146921319211194,-0.2450792033961705
-0.1562043861680043,-0.20748687644520297
-0.02779775511704466,-0.2318437643096307
-0.16050120297240666,-0.21734845205291245
-0.12673990402668164,-0.20671908372175718
-0.04592456895735622,-0.23509240556101604
0.010882442330836878,-0.27093201636790126
-0.06873962456193092,-0.2639480460926794
-0.1910198376029443,-0.22474171584024863
-0.1581053466073296,-0.22095643688811695
-0.19161561695741378,-0.2665876467650606
-0.16238387567391516,-0.22785175866079127
-0.059781524294441696,-0.24053044855071545
-0.09336959361872427,-0.22536097900067764
-0.05555860446508662,-0.2571812164849627
-0.04223665562508733,-0.27913320564218236
-0.037656752256415765,-0.27916175013765476
-0.09849241106143806,-0.20992937333573913
-0.1052056382593099,-0.23263134987833559
-0.1413154069236343,-0.18645704285030024
-0.05240953690176273,-0.2336498302695903
-0.02057952044682032,-0.27491659655166956
-0.03347468277138943,-0.27180917951573097
-0.23511803441517318,-0.25751094702385935
-0.054669815874637706,-0.24537769371046073
0.011903643822094329,-0.2934392258219167
-0.14371351355986423,-0.1964630608623619
-0.20910730955320064,-0.2588269851012815
-0.15932399997304802,-0.23109374159472648
-0.03245321028961251,-0.25874328523047285
-0.17785497188250285,-0.19061171083292863
-0.07319860209868306,-0.22607641584868968
-0.05746176197076358,-0.24755642842130593
-0.07039050591952509,-0.22627788101623958
-0.1899740986262109,-0.25792629464612893
-0.12874302847836444,-0.20500860260867976
-0.12381885592856913,-0.21857381258483657
-0.19729985827551386,-0.20990517839207135
-0.12967740902253494,-0.2103580076120264
-0.03384260789105814,-0.25518748810915626
-0.2623383338060175,-0.2758406961596953
-0.20889394499173328,-0.27564491257408885
-0.16909899388859448,-0.215440261687161
0.026021491404006114,-0.30233595736660457
-0.20379903534885296,-0.2116425281882944
0.002429175596818184,-0.28963094303010467
0.10464434549675461,-0.27844247635462077
-0.09896191955709611,-0.21097315460998628
-0.2687281068082178,-0.2696853022103059
-0.32766723767668293,-0.33447394574028383
-0.1493744869001441,-0.2042721154689319
-0.212795027260745,-0.24863842021584318
0.02501933107286053,-0.30213017675520465
-0.017187022073820835,-0.2787714899414833
-0.017966852308472198,-0.2560722787623259
-0.005702617058893161,-0.29162889962391786
-0.11464532050995357,-0.1980798385564751
-0.06648830905498304,-0.2298401910937033
-0.058690582126202595,-0.23910721260962353
-0.12872781876836464,-0.17998737991295258
-0.12382486977218606,-0.20710451960525275
-0.05355165696233741,-0.25188321622303095
-0.08552848854880735,-0.20898326191769392
-0.11004287979316474,-0.23600314462435484
-0.07056123727110888,-0.22828962509034106
-0.06546619918997015,-0.24569427351264658
0.013462006122132386,-0.26061875005564433
-0.12222052641815552,-0.22309672416113785
-0.23307664438343512,-0.25467701983384605
-0.24443546918237702,-0.26322123134546765
-0.08361120844800413,-0.21097909322485225
-0.10625049470600334,-0.22009417430135406
-0.17726085455618493,-0.21032400031478457
-0.10186890611342797,-0.23566520794563606
-0.07033567812330627,-0.2529385613021164
-0.29908938273798247,-0.3163429184556785
0.06497969836976258,-0.30770480408126777
-0.16230076600513216,-0.21593341021077866
-0.29657549054273924,-0.27563770029695794
-0.300432400184223,-0.3176361405309423
-0.10092448831072555,-0.18263716507980543
-0.08290773420874534,-0.22080067264302258
-0.1501876893656529,-0.21006160317843087
-0.23838755048654445,-0.2784192624324759
-0.021321344843852452,-0.28431756693206894
0.02344927408861683,-0.27549116776313276
-0.03517420886835704,-0.2478708554724282
-0.2626401951235092,-0.27998520363484025
-0.14873533431461672,-0.2270567090789483
-0.05123398353997369,-0.2139140457041104
-0.04368086788427289,-0.25917138231239667
-0.15446692158134626,-0.23119088019714257
-0.051965922089748456,-0.23925049949345428
-0.016880242219837138,-0.26552868962763165
-0.05187936891318737,-0.23690899900360118
-0.28210049871254655,-0.27416584799063315
-0.12196191194894773,-0.22561839472451384
-0.13211173673647597,-0.21503046100631296
-0.08539363899863722,-0.23035507057562346
0.030527738582768638,-0.28377982455203177
0.05456269093358007,-0.30102747864622686
-0.10254987436611865,-0.23845167385296542
-0.1196352292997869,-0.18889518766049757
-0.07096971404404742,-0.23163101261666447
-0.23402637810058946,-0.27885206339410107
-0.1401153907982035,-0.18602803764898787
-0.10312767007930106,-0.22824855698108104
-0.12518722008880692,-0.20181112174488428
0.050680318286924875,-0.29557154195365215
-0.15292074627196475,-0.21429250552855644
-0.14695742681022278,-0.21279779150341527
0.0405539766059827,-0.32234538717411165
-0.2381190920319358,-0.25351112773180556
-0.15298959181690247,-0.2317308192178488
-0.14771465399669265,-0.2115616991418503
-0.08787927529823114,-0.22027198366138395
-0.10034817612870947,-0.23645256486390914
-0.1611298778402767,-0.23062736684822804
-0.1955170585486939,-0.1963119168278334
0.0040007434207338655,-0.2713254994528646
-0.06622890480425492,-0.23585993779714104
-0.07801025918777144,-0.2265831693565186
-0.1263951970874103,-0.19864296895985603
-0.15986503128233098,-0.22477514243069588
-0.02553059259174259,-0.26183251939133245
-0.1755887505810548,-0.2294001026944436
-0.2002665840427772,-0.2253026708792486
-0.0020232179369777947,-0.2992981203483271
-0.011602542698131546,-0.27757210459114534
-0.06492316615323401,-0.23521461216057482
-0.00943926121406749,-0.3044771017656685
-0.19864805864289709,-0.2625557290399086
-0.04891905334196214,-0.23974557306540148
-0.022731000316074584,-0.24678724684674058
-0.03420934956755012,-0.2742664941435914
-0.19356647038810518,-0.23477200841588317
-0.11070825677129092,-0.2063242938379839
-0.1984277558052787,-0.22740144040939977
-0.17056282641642617,-0.22723902950917046
-0.23720354450889003,-0.25135678780696785
-0.055291616918264536,-0.24768859806030025
-0.17298358772104094,-0.2321432806688249
-0.16323499771865663,-0.26303773015898596
-0.27753337718555526,-0.2787743240886122
-0.16426298081089968,-0.22932195130496097
0.10884044367802492,-0.2572383944575564
-0.1078868671493198,-0.2605778499158998
-0.04638832913966928,-0.241726323082869
-0.10279423265119068,-0.22003881959101274
-0.014607160556152299,-0.24786754114549983
-0.16846912563009286,-0.22299312024897794
-0.2150157669298674,-0.24898345785263323
-0.07659467180275786,-0.22796125647716606
-0.0009076392855341953,-0.2671148335866184
-0.13512704508598,-0.24266249385063338
-0.13141174854740223,-0.23060972943270172
-0.18293328512709575,-0.22351821931561539
-0.07619248214318969,-0.23563532517610536
-0.12955719907431454,-0.21485339936895556
-0.1879246060669814,-0.24058768419650894
-0.17307062150120053,-0.22035490854681378
-0.11159748053713091,-0.23540088695156972
-0.318861747554923,-0.28869094779213905
-0.08916716539414588,-0.20819951477451196
-0.28479636937736336,-0.31433192871676424
-0.19988575482200022,-0.22247173843107043
0.047649774018686974,-0.311997530017347
0.05858572898523601,-0.27791906502326325
-0.20793746234117663,-0.26215244597086046
-0.14304273075761853,-0.19478959229930642
-0.18032520406374847,-0.20635994868165064
-0.06327853250767904,-0.24371810169340546
-0.181443812139699,-0.22945284030268595
-0.010662182267831666,-0.2771195359632985
-0.0019522296804810046,-0.2882425102175895
0.0003045865714390028,-0.2471085765892512
-0.0072126466213699725,-0.27423430104987423
-0.041034294107270664,-0.26084800296304556
-0.018654092592545968,-0.26860157724822314
9.564257016542177e-05,-0.2824950113107107
0.0009319887220959333,-0.30706159568343294
-0.004681865448639022,-0.2639461705630515
0.007334388517933527,-0.28066417608763433
-0.0022023989072024186,-0.2640658745968182
-0.005771803830355499,-0.25343541287376187
-0.006356964904716295,-0.2733089928188225
-0.019513352089078867,-0.272531465480879
-0.030834973858476084,-0.21549942713771425
-0.024870469549634316,-0.2689472217271901
-0.00966919709223571,-0.2681937469209371
0.005941387391875358,-0.2688391140545206
-0.0031632301503608518,-0.27792718886044826
-0.009682077702833969,-0.29416139013414644
-0.011106927871816996,-0.27715139778345266
0.0029585144146542786,-0.29662847307331647
-0.020990872366636687,-0.2778489566255897
-0.027922330233806275,-0.27477778475118997
0.008956289923139682,-0.2686607180609355
-0.0035348551449801424,-0.27739055174109967
0.0030789895630179143,-0.2614023819448841
0.0024342813379493178,-0.2916780203578928
-0.011631042416314158,-0.2914534676629076
-0.01935264880796561,-0.27691880914178335
-0.014625867951717386,-0.22790283026727223
-0.015073989650621566,-0.26099209000773915
-0.018328632696531316,-0.26812745276664074
-0.009672682487861045,-0.28529698912431656
-0.01109981040942018,-0.2587462606277679
-0.015875540128681392,-0.28292865236570663
-0.004962778569811671,-0.2593940819602979
0.010717843265762111,-0.2858779817459381
-0.013947491376961219,-0.28130304935812334
-0.0028199568966671695,-0.310773430264679
-0.014163463224487027,-0.26769256503254835
-0.021500648084814833,-0.2601443549173154
-0.006023354457158736,-0.2845082160228178
-0.008495642653866126,-0.263959739856141
0.017855957765262193,-0.3128062443108828
-0.03301017053207103,-0.23241259193549893
-0.016157395240366773,-0.29561494370924535
-0.026987477199744037,-0.2605776017318323
-0.009152811578242798,-0.26590427120341403
-0.006281466790297036,-0.26885987698657604
0.07331480670077356,-0.27386995497181016
0.08826064512792126,-0.2800507691949226
0.054804065047568185,-0.29047752078531386
0.036071056860836836,-0.3054101292608523
0.12036795368701536,-0.26532523665227065
0.045781110788724266,-0.27924960918685393
0.07191037321617272,-0.2729368835991422
0.05277789364805724,-0.2768470695900853
0.09892203301707836,-0.25320610607910105
0.10814184734580412,-0.26628917780988404
0.0930344110931523,-0.24864874334851747
0.06569910900047221,-0.2989937146257049
0.1500912335423643,-0.23399847010412644
0.10039005947996382,-0.2934845876967809
0.07174358254704838,-0.2849679852507665
0.134982457253155,-0.2361058699656999
0.12606518341719963,-0.26979370581657247
0.04773549074331962,-0.2739972276952556
0.06625676509498035,-0.29360998069822325
0.09484951763999472,-0.2861813772905525
0.04728461039623111,-0.268282001242949
0.06587999933001748,-0.2991307166470033
0.08987966418695159,-0.2833129342529797
0.0646101737591776,-0.2641182120039463
0.04472794274042241,-0.28398055395301974
0.10227706602167436,-0.2843222623981726
0.04415334540209659,-0.29353849141861543
0.09948455854221161,-0.28052816621418053
0.042562006083066206,-0.2769763321081178
0.08709970588697091,-0.27960327784068467
0.1033167161547941,-0.276563178843924
0.12560484415686846,-0.2698083344299958
0.12921561131558124,-0.25621210239855574
0.157481656803874,-0.22486133408080042
0.06193263067340837,-0.28023533633845216
0.0910742672613003,-0.2960252572501424
0.06472982833536756,-0.28680245180146646
0.07625081752106766,-0.27258401161396706
0.0669716083446843,-0.27716226233408753
0.12742800042234265,-0.2578580866749681
0.09678218699029212,-0.2521819116613442
0.1166097071540439,-0.28329244443470336
0.06585062269780023,-0.27424925786140436
0.08489363414490786,-0.2654166594677415
0.1515032974961869,-0.2599309108518718
0.08852075383094588,-0.2640612586473104
0.05575584796377292,-0.27921343211365895
0.0808946515280008,-0.28323605601564134
0.10687446077824886,-0.26436191503825457
0.12590904802410413,-0.23960415120981243
0.10811722729935025,-0.2858172871611045
0.057247140640475314,-0.2775102068144311
0.10693915583798241,-0.24777515311904216
0.11009528611262193,-0.2478217513027418
0.08173399310161,-0.29556652980123993
0.08418712359102432,-0.29324327994155663
0.10049941969182702,-0.24537525040742725
0.0844386602254465,-0.276480606380563
0.05422547822238427,-0.3107030664414881
0.09355909125153578,-0.26046786583777237
0.06790582067649631,-0.2751830616024945
0.15041509236689515,-0.24732305440250008
0.10001029306830972,-0.27457125506864105
0.1274991336944825,-0.24199655475801143
0.10361182064303126,-0.2572791316030191
0.04339096681411336,-0.287937243783536
0.10078024225121063,-0.25080543914587716
0.05477063513246744,-0.26154433963395773
0.05945750690593743,-0.3031223594109251
0.0999077950366089,-0.27181574967877636
0.10542900725765642,-0.27840729979566753
0.06591196981566955,-0.28987294761301446
0.13071422083718431,-0.2425286125268188
0.054885739389842314,-0.2871666090219537
0.11775028892322592,-0.2765018140193335
0.10744305684158123,-0.25092822736019577
0.1139294238296013,-0.2943209467165409
0.07602815761639903,-0.29919032587185046
0.09683646782395822,-0.2718177104380674
0.07688709156909523,-0.30775127091627985
0.0475388765842335,-0.29410665739456543
0.1443060414008389,-0.24155676676334706
0.14491049793962124,-0.24534075129884458
0.10581464433928073,-0.26804825205554966
0.12996645866098644,-0.2321119493373637
0.1193132361895104,-0.2654023389989873
0.09799841595780062,-0.24832281411039991
0.08090111853243226,-0.26300287201756795
0.05956484042273441,-0.28527626004887524
0.09618346301309372,-0.27458955790197537
0.08461320828439467,-0.27122282658528246
0.06899256972672169,-0.28402175554743436
0.067251584721775,-0.28980203215413164
0.055862422372956355,-0.26809502129435747
0.08896097166670458,-0.2984322120289102
0.10070049888798915,-0.2930487194493723
0.0621706141366592,-0.2749589752533101
0.1477010429830894,-0.259811541206798
0.08990431435290736,-0.25406450848270956
0.0920109820490354,-0.27510818744649584
0.23497427727523712,0.08486951013995109
0.22254333566184076,0.11045569737224703
0.23047347474982416,0.0478295057173434
0.2316174831555397,0.03201511889479591
0.2249930748229798,0.1769003213610778
0.2323799751738962,0.12955401550306656
0.22708785779779356,-0.006689203590144854
0.23220578268047015,-0.06550447782286578
0.2233937790101398,0.08698183979580515
0.2171946199531583,-0.024314716510120904
0.23348096111035593,0.12948803850601887
0.21862778697709423,-0.07779563432002667
0.232046718619963,0.04824678615987593
0.23747695342297598,0.04680913983132884
0.22697157917181393,0.027958816093516747
0.24026137556710414,0.1344491428606095
0.23715012675972202,0.1689197849014305
0.22505239732166954,-0.014105608480903614
0.22743996374402548,-0.025049289219166354
0.22660371219279085,0.1048328024543555
0.24219245751870228,0.2617320513752802
0.23527727542016158,-0.17167627606722896
0.2304568708965254,0.09841720611636384
0.23337485275890835,0.12352773308893283
0.22226524699029188,-0.026229697722821882
0.25565318349446653,0.1928341038744299
0.23870012923668898,-0.09249901605953986
0.22020910335265592,0.059932613836011506
0.23776993996656626,0.1852061076657439
0.22976430829778993,0.22064256225161166
0.23474838293883843,0.05952132508465485
0.23141869293637063,0.14704835070357358
0.2359321924525037,0.2897486409868565
0.22091413114876662,0.22931984978464848
0.21831105985516064,0.004867376967634729
0.24620468207034124,0.18122837800756836
0.23774939429704123,-0.002719133886006475
0.2261806809664611,0.05955258351166437
0.23356175839306131,0.01257121061178057
0.22041778863339184,-0.0023123742344052234
0.24237805923311162,0.18734833920083405
0.23577284761341433,0.1257080700914694
0.2413252557032644,0.027872976072180145
0.2421418694656719,0.06675686908785938
0.220365345753245,0.33227412977496684
0.23122435738725333,0.07800608103629414
0.23345979239423087,-0.024066621844557184
0.24896375161249368,0.15103777832831605
0.22377679173763554,0.07523659512384107
0.24447856887512542,0.08161771442931887
0.24026521439490417,0.1608581268031138
0.2409692067435299,-0.2584499611949741
0.2225805625777207,0.25599336380832527
0.22370036743892147,0.09391033404655058
0.23415575325518062,0.02016465314680821
0.225449326639664,-0.01899357730384904
0.23875618510786134,0.17183894617503337
0.21784753825632913,-0.17724175992057684
0.21373472002721444,-0.017709214461000017
0.23467559794630255,0.08795570579341966
0.23336455210742124,0.21820565335757364
0.240732804157621,0.08344442085210502
0.23464346058876373,0.23839180157580764
0.23894113054138394,0.17199816684893265
0.22280881376897516,-0.10151574384715137
0.23757051475171348,0.31060131167641525
0.22091407698274673,-0.19090874735037774
0.24622410097006253,0.15622719881864666
0.23222097645722872,0.16197110790946645
0.24156866641760527,0.016902588122486295
0.2230999320797527,0.16145186921455784
0.24914982694868104,0.2461420964784523
0.22955113173307634,0.1515702057157418
0.23584453211095974,0.15552500682824344
0.23978045151252775,0.15582873712792927
0.23562024396960474,0.05769124826493749
0.22406039563393354,0.09250450623372236
0.2366803844768492,0.002607239273177797
0.24247217359694567,0.1777066361216605
0.2338779626166479,0.0805676573188654
0.22158291863925927,0.2845230273338538
0.22875054727041494,0.0383159307555796
0.24576566553859402,-0.003329291824153313
0.2248739689576716,0.14403233544563765
0.2311442073234093,0.13867061685263254
0.236850191587624,-0.15047202681116012
0.22699266283406455,0.08890946453115334
0.23324955647581264,-0.018581762575677258
0.2329921639586342,-0.10698070638631069
0.2313747865901361,0.06682612271228205
0.2317267152425772,0.04187524023842826
0.24872985950155208,0.14780703422546349
0.23154701513674397,0.030859683108710623
0.2242524887926769,0.06255966735776841
0.2358926636895548,0.14278352553949536
0.23325088956318057,0.12380622368916933
0.2203553174750182,0.21653049949830638
0.23007740487189893,0.2352053379984178
0.22990195576399747,-0.05746096306640083
0.22045592461493907,0.09459470926606911
0.22874709231718465,0.20632747830503845
0.23003838521574682,0.07806083642928907
0.22429216299417593,0.20858799925403765
0.22271080849762587,-0.009334249641852949
0.24093359457525115,-0.03328412089696475
0.22532741802759204,0.097429925473831
0.22949845950702918,0.0861992770017444
0.2260772275162547,0.07716723247808416
0.24372044329710607,0.042600038492939585
0.25277684565692754,-0.009604162618032541
0.23004892251012882,0.1741033817281873
0.23765270376603592,0.0039061989910247896
0.23757748099364423,-0.0031958032308524176
0.22475658818848915,0.1504676355213782
0.23967486635466356,-0.11572065692210229
0.24067844963993262,0.21969297444326025
0.2333120478554252,0.12892965489709884
0.23255701226155606,-0.01455340870764979
0.23880182322119137,0.01609433312259606
0.24210144803358563,-0.05882166548713055
0.22739896654765152,-0.1399357303537952
0.2386791297734583,0.3312830150189523
0.2232164092342424,0.13614226031962695
0.2415621600790025,0.23394867995581486
0.2370667387833426,-0.17383777899454822
0.2207641571056168,-0.01065394024448138
0.22481377709126865,0.06029963499304508
0.22892804830422836,0.19702171959605114
0.2353175944319888,0.12041950364876047
0.23229848292154093,-0.022614285994293964
0.23462382634142825,0.06646934032901503
0.22965182333423745,0.12325727269907949
0.2305184364805259,0.1380627295045787
0.24317720304891371,0.2601337498780133
0.2345015397343615,0.19659996832338283
0.24463579146716952,0.08094588945104658
0.22937314248641266,0.015724326582837955
0.22721644014030173,0.11140396998774327
0.24335873436693473,0.16260486130310509
0.24102256474194672,0.10170558020842824
0.2340322284772426,0.13254735489016423
0.24404830319529086,0.1053773461993025
0.23824073945317448,0.08060796976340101
0.2332338508025159,0.09651400876048272
0.2325156935627194,0.11894818467867246
0.23691290802492687,0.11280414189281757
0.23977263262319304,-0.11061317322854711
0.22650958050890113,0.23561446098786099
0.23139089209266367,0.24596487918032212
0.23539763232712002,0.04173614325213154
0.22843382000374463,0.11111181998413766
0.23684347019584145,0.0753036657999015
0.2278688712680378,0.12178238837786692
0.24220945029310714,0.07365049113574007
0.23432150039759442,0.15095303394122606
0.2372681958124359,0.1192743055231485
0.2396175632394425,0.03193376647803553
0.23463410593374312,0.1683608436069925
0.23542858646689857,0.1808018667797603
0.2403823746355625,0.08755569116264056
0.23177690125604578,0.04574621052540073
0.2362782831370055,0.3141676892131684
0.22140341242447836,0.07191696049327084
0.22454190404484015,-0.04458613905273093
0.23270673884498566,0.1246775870808331
0.22998200987683537,0.06409724714294929
0.22085258686389947,0.05490994796125853
0.22717313269377604,-0.0034026100710012885
0.23491363199439885,0.08688037403419313
0.2405023793681088,0.016110371596329498
0.22355124038792185,0.056697702095230174
0.24201547190723244,0.14778645496090187
0.2212740824360223,0.1398970824344552
0.24563830157774336,0.07279110859237287
0.2410989492425813,0.2342612835326477
0.24128930071313887,0.03148600867565454
0.23678098809264103,0.07559152685163112
0.2342142985002038,0.15923260268439016
0.2505405069305238,0.1720857797799013
0.23295310987954698,0.15923318343742798
0.23486843045607653,0.19267987291739025
0.23435144375377703,0.06945229121202273
0.240171880406726,0.11805517129178272
0.2334178969485765,0.08635038318362137
0.2531341648844882,0.0918279465260694
0.23352872118307916,-0.0737270007701151
0.23365968109902813,0.07512871939526361
0.23077818455442034,0.04058142876608645
0.23680171029234487,0.25348000518789904
0.22602481365712251,0.05388281919053117
0.22945609804741346,0.1378491833460243
0.22779709304931706,0.01499827171422563
0.2321134855897008,0.3055471753542782
0.24525656083515984,0.05191668159257884
0.23009236479841644,0.25344089789780255
0.25782363126641644,0.19996032768925665
0.24875484803203196,-0.04904762729193912
0.23053824949517654,0.00011876049222270257
0.22503644173012383,0.039993112653226526
0.24409172579792704,0.1834569971100351
0.3707573757264896,0.19273625202157507
0.22664641436032829,-0.18806468892754263
0.45102687447983136,0.32566026858807917
0.4080656427327378,0.23815482368062052
0.3895574163676193,0.2497763670760088
0.494308771762631,0.3707351423352241
0.3511204844204755,0.1979867282900576
0.4555365034926421,0.29050823204503495
0.3880258456875987,0.21085740409191156
0.3439600340729998,0.1492019497368955
0.43966936692054825,0.2687789949181988
0.506646846902401,0.3673941614771119
0.44098072802605814,0.31146149643805654
0.4403177553610007,0.29575808536367176
0.43167542249854096,0.30026635953333103
0.3997928930509187,0.24417774611477916
0.39652544384745103,0.2592011534093498
0.32696940262105034,0.11283659493901038
0.41002716140736084,0.2390021351534516
0.25361819769015537,-0.08474116325486117
0.48058729341977313,0.3759384110577607
0.4767652655353716,0.35820607024149165
0.373047315262265,0.15560873880628967
0.40360229098021283,0.2220906467206753
0.300328502008014,0.06342556638414631
0.4126684341788851,0.25299161362454825
0.38297749547874305,0.22174456951557686
0.418436251712748,0.2932858196281649
0.37364710648826804,0.1999371388706595
0.3989660390330456,0.23252127087071295
0.40679002954250065,0.2699019762941455
0.3905106052396816,0.20108295168163226
0.4345762443207044,0.27888041310467404
0.378983149785751,0.20137066885401578
0.45483916858897866,0.30600956967390813
0.4157349701200832,0.27572674175622225
0.2898806522142834,0.05343019019536016
0.39251833605808406,0.259520364340704
0.44332733508659516,0.265735178002542
0.4707992845415,0.31702458044116455
0.4300886550934033,0.2815683950265029
0.3732573562463909,0.258976179685229
0.36619372302696185,0.2154697631321178
0.3203623310100988,0.16647059353804333
0.3576632155244003,0.1842230252972728
0.39869865135212657,0.2480512112767197
0.43524387267102593,0.2542018826833832
0.39540574885293056,0.23658571779257076
0.352809949080087,0.13685657535374057
0.3564575364382707,0.16492760598321105
0.37614133772341385,0.21843009881110387
0.3361394739043544,0.15478720518971562
0.2823009138870922,0.014543010403848533
0.36004357418181243,0.20323657617068236
0.3468097076664918,0.15524253509965397
0.37655493318682753,0.19397510044593852
0.4133921737305607,0.25519882278316963
0.3606708948485423,0.181276155076596
0.4275434931720592,0.3073069958301582
0.36906472793886325,0.16699136289685124
0.41367240896349666,0.2563128001786368
0.4056589825680822,0.2556071672883181
0.4258165064372633,0.2949204520126282
0.39009104716714804,0.2111476500358691
0.28279622669027216,0.033807490660344164
0.43676720984693385,0.2966864854377008
0.3376432620822385,0.11845472232889087
0.32185084588410784,0.1374548973497985
0.46821950343838614,0.3343075823325147
0.3528996717846883,0.1831615878135005
0.43617809947839536,0.29538988460772075
0.3700852802374318,0.2017237543407086
0.29104179711156897,0.049627774965982696
0.4309457620731254,0.25827796251710655
0.3864514494383462,0.22875499564360857
0.4016334267533217,0.2608310088808442
0.39927829041055773,0.26762914799236637
0.4307970993944573,0.3090396478937739
0.41998194991506244,0.28129681204522294
0.38772094763732456,0.22523919208566556
0.4031841302216955,0.2575423070995724
0.3806656625811957,0.22711737523471487
0.3530063496007685,0.17305250327288446
0.3240946438269535,0.10922999343090661
0.26939822629123966,-0.016118589474155537
0.34446877705554824,0.1534436183579007
0.37874620436023887,0.21652939212590866
0.36426302881545025,0.1642831499446747
0.24380905554269,-0.1453189581881669
0.4739873021962139,0.33693156063394814
0.3593397486459877,0.20780885196847787
0.46101511022667285,0.3492774470705934
0.45048345817466706,0.33150470710544133
0.30062350841523433,0.0510343909162998
0.399952015956184,0.2580638491739008
0.4590090541950189,0.32545877994545047
0.344582857441458,0.1379391137316588
0.37370812172723544,0.19726070367798815
0.4175050371664887,0.24798122665081967
0.45585634429958066,0.3455968079767142
0.41505082907753,0.2560385134936828
0.3417137591916639,0.13296367614334292
0.29200302417766943,0.06134215934984305
0.4378867766762158,0.2776208641809076
0.4501757586286703,0.3409669960893761
0.3172346348136098,0.12948637806350577
0.35048318659846056,0.19491147032103434
0.39073273515392826,0.19963437507751408
0.2998944541520633,0.07999185032003475
0.3041644826585874,0.08009550781494307
0.3635942231477597,0.1808660126071276
0.3483612580689327,0.17052944183685181
0.39530184374437094,0.24124962044273707
0.43442504597939346,0.2958787436452853
0.30228461560871434,0.09560209228941147
0.3412408351334326,0.15749867964442965
0.30514575400746213,0.12522039784205008
0.39882601368289006,0.2581874142072109
0.3656540232571617,0.1985480183046931
0.3545780633912926,0.1725461855024012
0.45769157388250437,0.3503849800173652
0.31435347560423677,0.12867792776331238
0.34359533353266225,0.16298933321448372
0.28335274662584686,-0.0021037456106696717
0.38160394132817355,0.21287880383845686
0.42714236643548786,0.24199598608193984
0.3948947721033905,0.22325733593146802
0.38691523843151965,0.26662972536800367
0.3973511346401112,0.25767027320509917
0.3467279080067416,0.1484095510580199
0.33490523150023876,0.1318727052215804
0.4577904338994859,0.3403309301730538
0.5008109165331435,0.3305185026369474
0.31663158876053255,0.10876214560554598
0.4166052542827713,0.2664552163512598
0.34078595198252404,0.13948852577793242
0.4406763107417965,0.27779527661750514
0.43170943805725337,0.28124698491578426
0.43482829983369475,0.31577438190544815
0.3104851139586743,0.08152419904872621
0.4521731607643802,0.28195731723242223
0.3382045889681129,0.13477651374179972
0.40927332536139016,0.2497147713223714
0.423290163314079,0.30722295091391827
0.4463712334381075,0.3088241987615066
0.298090784282818,0.046983071539382804
0.45702996932385365,0.33465595630529277
0.39294548051326217,0.22585876973644897
0.2939386548067625,0.07101618199472837
0.3645952354131733,0.1924524700029755
0.4711280407930942,0.34767899368928834
0.40312434307509404,0.2535055485977704
0.3699552276192095,0.21773259278185542
0.40727044909868737,0.26641564270226314
0.37552941071681833,0.18637850457746036
0.43573420662632767,0.33047304136082434
0.4287018281502548,0.28096256600958736
0.4235720176295368,0.28074505290143403
0.3678437989471395,0.21670137813320067
0.3170471225564929,0.1270241243644052
0.35517908359215755,0.20236575364328652
0.4410401054335745,0.25991375073364387
0.45624847714804606,0.34985099817033893
0.4196202195242137,0.2676560441626298
0.48531828530120114,0.35229765155284365
0.4886987648130968,0.3623280432642455
0.3140186249770558,0.06738422613565592
0.3751916863352378,0.20762768415939004
0.4787373664190453,0.3662987379566818
0.3833056623755865,0.21037465982371512
0.2461889997149445,-0.11657913409611118
0.46794357801003483,0.3507240615615942
0.37258225541958456,0.2211568593881224
0.3114912475939169,0.11823596132575626
0.437564904617496,0.26601435202362766
0.3903963058553557,0.21540692317742244
0.4430876172054331,0.2748412978169269
0.38825293718565224,0.2266237843792528
0.361071106789121,0.16467712701789938
0.408086618623939,0.2703746111689236
0.4175619209522632,0.25833214151572925
0.42222149501858597,0.263584438119547
0.3997040352253235,0.2500277601067088
0.3228785912932055,0.15760569600281965
0.40463291342058727,0.2613776923576301
0.4205222645366846,0.2773520674410407
0.42630715402790065,0.2828371635647776
0.4331262190079167,0.26901642742397147
0.41960369247435936,0.280875626117288
0.2898930928261064,0.022446065712056762
0.3429294242721691,0.17624022483383728
0.2997655550905526,0.06236058001075784
0.36965758596770215,0.2049895856180844
0.3853029283657122,0.24013245551270002
0.24692439307304093,-0.09872116147161206
0.4188532639309448,0.263096192876185
0.3634748700820797,0.16004507655251615
0.45222081664042324,0.35882064864256014
0.32555723442885054,0.16239982848903528
0.45553359647458735,0.29816054892663857
0.04595898553702993,-0.04272977997172961
0.08405653985651668,-0.06808841317232706
0.007184672464223163,-0.12545705131976978
0.16914181999626948,-0.12889367538222604
0.05388703047569732,-0.09002424429906433
0.017520314015760763,-0.1855149710086413
0.09590701099422572,-0.04148883297000086
0.08702785285076053,-0.06622298608699936
0.014488821628403675,-0.15768022767084255
0.1332067627568731,-0.11868122077847107
0.12189211635983199,-0.10797767460138652
0.09523130003548613,-0.0387390517928696
0.042578699481113425,-0.05008974545843348
0.09648278923716264,-0.05340008427716597
0.020855206201462473,-0.12740005508289926
0.014578643588060464,-0.12412505791673811
0.036807900659817094,-0.08713760621035449
0.06624153150514245,-0.06404915671687744
0.009610911564779556,-0.2215973381117127
0.029253845513426524,-0.15393444085747876
0.009184286360191057,-0.0867499437875382
0.1385689758187953,-0.08214221056724327
0.0340833453884391,-0.20221569123992805
0.18204395851079286,-0.1039521380519485
0.10900982923104224,-0.13731179278207128
0.066894761152969,-0.13161031970455295
0.10933522308148697,-0.11374783072092501
0.18448480807488044,-0.05061660654405367
0.03123345155820234,-0.032155030387825995
0.03525469485534183,-0.1140604911287599
0.1209314657330689,-0.11486734715552083
0.029300101514415866,-0.09063684610934727
0.03745567728927518,-0.10596082165060633
0.10008103564415505,-0.16109216009823413
0.07841731062314417,-0.17389910614472348
0.0736274400642391,-0.015555011670994268
0.0611201474360214,-0.11712518936970862
0.01925384809252015,-0.03185485117201167
0.025987758519318893,-0.1221841861234241
0.03956719542272935,-0.11168934846542708
0.054149279281959894,-0.08171293713181402
0.01705357198418339,-0.05971171034977779
0.03206621044904662,-0.07885198916866282
0.010938194871355555,-0.11654485841650888
0.10124358501546254,-0.1395112037064655
0.06935578453035024,-0.028856786831875314
0.142443798025084,0.029850996619809944
0.03395131815293051,-0.12496240756806945
0.1914096866716385,-0.041047293360067544
0.1823838529051029,-0.07960390993517463
0.04039714998184002,-0.053999725742659016
0.02336009957764476,-0.1084225507410326
0.05364110250149323,-0.0959950737070362
0.005549061488214435,-0.1491592499502317
0.13006900471717237,-0.08405506045532118
0.02223977298725452,-0.04288386301809499
0.1811844380644806,-0.0705626636402199
0.025096549155707693,-0.05334676030488858
0.02839710543021906,-0.14354106471729974
0.1187766673765065,-0.09835710422523455
0.1256051737914089,-0.10327359295887523
0.11683917447604014,0.03610810419846361
0.051782776027280875,-0.0810136736936522
0.034661671637208236,-0.138649920580903
0.2142929915943192,-0.06109292020718193
0.10575732361488394,-0.12759851872178732
0.025623320027640534,-0.10927961785149379
0.026497527340977822,-0.13014123877268052
0.06518046208480366,-0.0968477501807288
0.0512493515717975,-0.19523126890064366
0.019643397472622726,-0.11972944659932128
0.07483043621238039,-0.02787134394029611
0.06007704794686869,-0.10368808459901627
0.021334921871198925,-0.0908702293079858
0.010695350039038931,-0.08841441617056092
0.0874121976283943,-0.09933775918147736
0.08207307632188082,-0.03345401320614941
0.04817307928490172,-0.11146545584395223
0.39739275209382874,-0.09288729867661519
0.017243458361785285,-0.13477150326270396
0.027430121354537984,-0.22193330086900834
0.16118391618570194,-0.053882630158643335
0.011208903851615742,-0.04018274217636106
0.07196937469169062,-0.05046166675217412
0.049516269335071694,-0.04919796548221095
0.07578979952491066,-0.2333256223592925
0.1580610004562356,-0.041186220498834525
0.07104651405492707,-0.059138711757429574
0.030347622554874,-0.07983357906136843
0.05689591766086377,-0.16199846671940116
0.08286628439601973,-0.016154524222967453
0.05586780423683313,-0.15496496241755053
0.2329190039045967,-0.012854993678272225
0.0745162679291182,-0.03526932738159361
0.040667368585496244,-0.08752383547918749
0.03737339324196637,-0.051009262567637687
0.3561845921527669,-0.11223701513424836
0.06559901732853857,-0.07862719836762752
0.10745746124364797,-0.004101085236072888
0.11779338913056125,-0.14438615550699171
0.08576129384894576,-0.10638006281073856
0.028820697125629735,0.004456927462859084
0.02587648443159496,-0.191389960108728
0.0978632137129169,-0.16557299272309528
0.030241490846140695,-0.018216524996160027
0.025491561358676473,-0.03580946629435927
0.016720847588180876,-0.09095137655418023
0.01048113077246518,-0.07038644655803017
0.1732619125813682,-0.07134078559993337
0.08958838597046592,-0.10306293929666088
0.02607945212639068,-0.04447371511304127
0.04031195235473389,-0.12213069178497579
0.0500080969731746,-0.10082944270926952
0.06532372150445731,-0.1077871790446531
0.09726102232995865,-0.09457392145580401
0.09758586314757633,-0.129955500631397
0.06986018142483347,-0.0771235118324557
0.13937307655648323,-0.16740963979224177
0.05723988598162694,-0.06850683349840592
0.11293569559778782,-0.0656953138160182
0.08748377752571401,-0.07891079651688629
0.08831282362553183,-0.13011714666237395
0.050960679051893665,-0.05486371738615578
0.01814167135111855,-0.08748161126310794
0.0586472614577383,-0.14715086968019014
0.016345909992187352,-0.15636697001834332
0.15049143322427455,-0.036526377015361405
0.05849604353173066,-0.059680676841951524
0.05524063493701886,-0.0426859376779489
0.045758749137561894,-0.1439131800057619
0.18808607103438774,-0.18632210014628064
0.05373217724193591,-0.09529340101897912
0.024838084074521344,-0.12121331528018378
0.10535592009070532,0.005989177218571895
0.016910654411920523,-0.11405075198780179
0.04752900083823053,-0.15789833884476484
0.044408373795838785,-0.14652585057723172
0.17124681212701925,-0.1545728815796676
0.058624440946074274,-0.1418174618753035
0.011791800007741243,-0.0641131987708817
0.09914827791329234,-0.10620052174658831
0.06775569937659992,-0.11312747912939022
0.0706953357096094,-0.15241663506054298
0.03807161787976987,-0.12454541004363548
0.02021683541159744,-0.0844044838396722
0.23301870415093429,-0.13349944994621105
0.019401556344026544,-0.016454323470578347
0.12403136488481092,-0.007629686269222391
0.09011978100176038,-0.11234736569570619
0.11060498955106912,-0.08445185280280709
0.05397001938480128,-0.15353316170509618
0.03381123457399737,-0.09634304421073048
0.03792635369593733,0.05037141237793513
0.08384365258871418,-0.01885201890357907
0.02322939544061256,-0.086594831132251
0.03956247136330565,-0.17439630046208593
0.13238894150544156,-0.08357356421954928
0.02011265295951334,-0.16728761435113015
0.03328786446364884,-0.17002276602744854
0.02836419814245761,-0.1341226242512949
0.026089881464877618,-0.07114131126553089
0.11638642132223814,-0.0403933164559101
0.016902909639536584,-0.08636736948151053
0.2262438763279213,0.010302653106354642
0.06464594799285678,-0.09911429084183607
0.02510428785334695,-0.08720064818736087
0.03580719504024421,-0.16199354042285052
0.08589366228208184,-0.11540173466832265
0.06155643959404894,-0.1339471569302948
0.1007715282366764,-0.07380722520776961
0.02125745938614773,-0.20470209482617638
0.06800472185020817,-0.13275140873220387
0.06640807978876212,-0.06480733537864666
0.041060138660496515,-0.02959121586610472
0.05962304641313315,-0.13199221462284105
0.07544829505713213,-0.1530683053445096
0.03132263334231161,-0.13970299473816583
0.08099196927998492,-0.13426291703079918
0.1499231972002566,-0.14743179518537022
0.021205565855660413,-0.12821516907992747
0.22637563061528077,-0.11564000268673211
0.0715074168954139,-0.033706399397299636
0.043053952381820526,-0.09315727399180598
0.06164955541362682,-0.1505273710037083
0.1730445722949745,-0.0529537927098139
0.01915626064341408,-0.1228384401141702
0.06782659559375298,-0.10489773915771264
0.07175622060001241,-0.0666258068562163
0.027518311282961727,-0.08583111267258428
0.07987618500711052,-0.12987140620051382
0.057085696335742064,-0.1259618283231669
0.030963270720144875,-0.05097997348314273
0.0728757926910929,-0.07109966881430368
0.1332348774210761,-0.04976996288958216
0.13441257184552718,-0.1748016633959676
0.25392368280726946,-0.2575021207324856
0.1177975427829347,-0.033304479761823685
0.047915888191852885,-0.10431209609453221
0.06149972391559366,-0.09250851645052247
0.05905839945815616,-0.06971993797619919
0.02216278339123326,-0.1196861385469106
0.04214107753484814,0.004916107610102027
0.09137528338697448,-0.12766135250343802
0.1609799681793953,-0.07590616690571197
0.022404778813771287,-0.03436123534170524
0.04110470704862523,-0.08302710470465366
0.0726460480548266,-0.14696927204362176
0.27621097743640777,-0.11940422945071044
0.194990657670765,-0.1400616201509788
0.08476164158345789,-0.11667828551194562
0.03716671760257878,-0.1393785917804122
0.08264340248014179,-0.09853056880355393
0.14228155060831366,-0.17969107647572446
0.04666258785724581,-0.09737323546742105
0.05963495904601801,-0.08466771861039038
0.06699103076051982,-0.02842993006023664
0.0593127039692779,-0.05508316216652359
0.044115951920594976,-0.19201997405085808
0.29966441823585555,-0.09428683850374547
0.015697728043327697,-0.07564419846274639
0.0995674668747965,-0.07522332533876161
0.08255814755546215,-0.12576042957929454
0.0776962743929398,-0.08221654507487972
0.09685295835828872,-0.1625839165511333
0.057544684877522345,-0.1326627749304965
0.1259585068828855,-0.10686901323067807
0.05055533822342373,-0.1793418461604412
0.08745686659733948,-0.2003198213153325
0.055157243072519735,-0.04422751659637511
0.03158759360293789,-0.08584889851421484
0.06804935146384228,-0.16010559811975295
0.0698611070122152,-0.08854616020585304
0.03327307799106605,-0.19987764208679099
0.08508521836181304,-0.0812858985541843
0.16300399842847269,-0.14715919017068985
0.1036200191011622,-0.06828854608539364
0.07624494721638736,-0.07854276196417007
0.19135330983515464,-0.08539948844949358
0.09918211048039755,-0.03227189824261062
0.06009035094411702,-0.10129418702434143
0.04835810565772125,-0.1877589025882106
0.14238973141449807,-0.11238349280914944
0.0863154090366865,-0.04957570169757536
0.0514659200482917,-0.046747978688729264
0.027067644453168227,-0.07954912643957004
0.04667787247293592,-0.05148612492117183
0.06614867774032585,-0.06409289185403497
0.23403349318039118,-0.01765518836695723
0.04247561985801018,-0.1009983420285516
0.1166075468894694,-0.06521121748181119
0.04309226881100581,-0.04038763331530193
0.0654502734169069,-0.08681759682315715
0.04761547300411201,-0.1447854476758355
0.09934949691984724,-0.14481759885581094
0.07890931599720902,-0.10675082594891344
0.029769837528251353,-0.038146310837155195
0.11735412623916736,-0.12126267323173273
0.07308167456495224,-0.09939927608230562
0.03333115974605583,-0.04915868575946741
0.04835904471118058,-0.08688450442509671
0.04741392147201101,-0.012575522040048914
0.04019172798112369,-0.24633408345201857
0.0577565599552905,-0.12784617136056575
0.0503753063918288,-0.11649008020288865
0.11427405672203672,-0.17449372841646948
0.10455583857863526,-0.10613654431182251
0.019781519480175702,-0.12330628636428201
0.03581150965167473,-0.09149061514652909
0.1904650523015199,-0.14389428194168918
0.10364082219640908,-0.13242699197599622
0.04045911565435606,-0.13836619869962868
0.05534196248764689,-0.08668173606958088
0.07207825600580697,-0.023399479173548315
0.03138444464081186,0.00035362669085264864
0.03865826218854834,-0.07733635262519187
0.08056549779554911,0.005854812016797717
0.25254865913417396,-0.06371329028746447
0.045796691060142614,-0.06446892908630672
0.060098252866862156,-0.06034427922795038
0.06717190966836528,-0.1886105091625362
0.1221467514769477,-0.01251660802493676
0.06135668042465403,-0.1266248537789446
0.055920346605629,-0.15893799658690827
0.05718016021561878,-0.10274778136566448
0.15258349870383914,-0.07241108537859295
0.04266902677988865,-0.12427172390050267
0.03305636095377401,-0.07806839816021247
0.016092912523899938,-0.17035627664607056
0.08066123451105162,-0.08691869028637497
0.05088178540896843,-0.0003851733559284698
0.060108779471647666,-0.1680215390620103
0.0411805501810843,-0.10030748893368943
0.07431738883278727,-0.15276385922985652
0.10996014266846516,-0.03828119018463219
0.06958067790905326,0.00018107473290907006
0.14626632348859464,-0.029703125859407237
0.07064483216487027,-0.12236482089190909
0.10296098349712174,-0.12294876397646923
0.020050882567730466,-0.12900928796677433
0.06245030783903416,-0.12327106087785053
0.04003410602535218,-0.1309251170326084
0.06524070355982475,-0.10719398898135918
0.1040964551340981,-0.08165171277716465
0.052101053238314154,-0.11576419615680295
0.05063807267583309,-0.1983899142883327
0.027042180265120647,-0.0888897405982915
0.1126585020480424,-0.020057735650722747
0.08212794936259515,-0.17077285024161115
0.11558524038693124,-0.13367898747044624
0.20250627243481784,-0.15552074532275945
0.027090897326441182,-0.17377067960551348
0.02791756942664808,-0.07265799986244953
0.08471428488983573,-0.08596283728414605
0.05476608218210366,-0.07779455140262126
0.08002809785154003,-0.08027802982617788
0.061576347550924615,0.07013528695784044
0.03389447576618826,-0.04636858131138241
0.02175882396123005,-0.08601897067161787
0.055093983377769384,-0.11301338627012014
0.04846723648522183,-0.08253548434937044
0.03192441676336666,-0.18349775134186808
0.019288650321864664,-0.09239970954383853
0.14207692638575858,-0.12640870929193498
0.09714766858615548,-0.08626016425135233
0.045637115239279935,-0.03422003046467614
0.09198379403932744,-0.11155653260999218
0.06787261421320867,-0.04453809931378333
0.03119406038324507,-0.024533897759770162
0.12597259647853132,-0.043630782086834796
0.0803597192607094,-0.013771679986028323
0.06803288018838205,-0.16055776472846472
0.21204838695723388,-0.1211574853177245
0.14682652954108932,-0.030381440710990026
0.04182583593233513,-0.07137748906917882
0.04460503665987142,-0.11927296808054186
0.229048129896522,0.10660238039932218
0.050809777324128835,-0.12567795552915237
0.10128963054313683,-0.19578089554189587
0.07209872264919176,-0.11843768262146204
0.055284954283452425,-0.10285359454268628
0.062072195126807506,-0.17300665688978617
0.09809835872576411,-0.13079791745270208
0.1031267330021729,-0.08275979447000634
0.005704008293578061,-0.16929462218211622
0.03813652088485159,-0.22954004761926478
0.028832211889413595,-0.09620428016642321
0.07129453690462118,-0.11046450063296981
0.014472635644748627,-0.10426499146585402
0.05852564166083046,-0.16038251849120694
0.021619515072883205,-0.17903930681508395
0.09613665156181611,-0.06523543438752782
0.046504210294113446,-0.08395664516863308
0.11606033910702318,-0.0381796207644938
0.06301855446379351,-0.16316020095501155
0.2826507613657149,-0.17194359803358675
0.20415121783078666,-0.019696340107714178
0.03427833591993301,-0.11638277460949639
0.12306539306101938,-0.074582006961176
0.04508123258170643,-0.07277133769599353
0.038069266936525015,-0.1469629287664258
0.1082066481640746,-0.12997991861773445
0.029042654410181612,-0.10650571408095
0.023053516606670182,-0.1528843045994499
0.10621408013703643,-0.12499163195141105
0.00907601955310508,-0.12787599937309774
0.03775443553019975,-0.13855460854384935
0.14146749107237755,-0.05589551609430804
0.0524860683427289,-0.02208768785323517
0.10415914151089245,-0.037184233039265796
0.0839296269263109,-0.0064730266811695025
0.058729219178372705,0.021557773374047018
0.06351482150904592,-0.09363853507094574
0.04439703967338904,0.00036736819634042295
0.009949556376668944,-0.16303678206097938
0.04094097972697175,-0.16008601067480333
0.02326577857030543,-0.09049454396103798
0.03547028509672445,0.054702433262646455
0.13717819430904543,-0.008056354408092964
0.023666256715825645,-0.04704877795113485
0.10739349886900845,-0.06403731267803778
0.20918430188283288,-0.056204105311835645
0.10519723862849206,-0.16355612503688144
0.029254637536268835,-0.0889482493584309
0.06552095200533875,-0.16892684595343493
0.13337517745896077,-0.062330112019069656
0.02064973772881462,-0.1506955682744659
0.08250052245738787,-0.15369914691162576
0.022376580942147117,0.0009346847058429031
0.08358374026707793,0.009331981040692217
0.08300961024118508,-0.07854587885474615
0.05179327864590222,-0.07121741861148617
0.07921411396339362,-0.08776249266477798
0.22708490664422648,-0.04749727733086087
0.06806223341995621,-0.059518116453799785
0.08307970322830888,-0.1378198054205373
0.11658063588488732,-0.09245321009220483
0.04723306574871289,-0.11375390877665018
0.04475725194465513,-0.24838834298890106
0.060381592232729764,-0.0648298958616049
0.021100549611784897,-0.05046082104564745
-0.34605074366231725,0.10712602366208462
-0.198294419049294,0.17027521234343612
-0.3190370414366513,0.034508442667518346
-0.02127272006897002,0.6248368683905161
-0.4095004498385224,-0.04276222087200843
-0.17492361512540117,0.22331417939144776
-0.20843295134778986,0.20564321245043093
-0.20745742967213274,-0.017198348287115778
-0.28507503727982475,0.13472055308011877
-0.187078460597334,0.32561722287451533
-0.11686405910752769,0.1687770807298572
-0.2793898333070152,-0.16045292430384583
-0.19136214249992106,0.2274801405152891
-0.2951851051408742,0.16040465696132117
-0.3821183859815537,-0.06215052962004064
-0.1325399156641827,0.32338832617456703
-0.04654004643211554,0.36260010380095753
-0.0736013175827768,0.1657190682491959
-0.2471080794402665,0.251771465626482
-0.2045213112769794,0.24011547564100305
-0.2436168885185043,0.15456617227084302
-0.37732112925909755,-0.05535288537680025
-0.2317202930327116,0.21531129836454072
-0.22078227156219468,-0.1484336993501657
-0.2282326539029776,0.2716657218071593
-0.17795649416589696,0.2559945772501405
-0.27343244570983327,0.10197164707421963
-0.3832792590909261,0.02740683068645
-0.16990350192708636,0.2257256461389494
-0.24695596760061922,0.18247505954885612
-0.22071271599681566,0.3187843914091779
-0.3423985747287175,0.06407019754391474
-0.20007391642400782,0.2888369761737176
-0.1792600736094801,0.24728984438357116
-0.15348736975636867,0.2843783361166591
-0.41314519442428416,0.06890436825874835
-0.05921765788497768,0.2880051140265587
-0.1388381981604721,0.3057900078589133
-0.23832465240818104,0.2140702286738324
-0.3316188565461439,-0.1298600932440372
-0.17086175703528506,0.29264229711389367
-0.26910789516661177,0.12133181761220635
-0.2847238987416502,-0.0025394427775791706
-0.10318362363984046,0.558830887804326
-0.2063873988471431,0.2042061359310523
-0.25172403170806723,0.23784357485433683
-0.30677836692616817,0.13939453541571606
-0.23360498640449567,0.16694605238803062
-0.19169749865584026,0.45500387683129273
-0.016832121346594925,0.276411964806605
-0.12652858061346176,0.3011154069491273
-0.3569388741613436,0.15423779494540313
-0.21444362027253608,0.12824507710463695
-0.34306412868815533,0.13712625781467186
-0.2974662112289368,0.12741341387497457
-0.29000746756700807,0.16101391158314754
-0.16127263188484853,0.6020934297463763
-0.3442963552690397,-0.07137169184721753
-0.30042359806316027,0.07156428408821786
-0.21824999387001676,0.2299130809302931
-0.13013372426725003,0.25808519848370326
-0.0605316652852089,0.27117722093161645
-0.07653537173172298,0.4612290447233022
-0.3198491978954431,0.1423463785104636
-0.11414923417888326,0.21617970226850813
-0.10834142008377926,0.3517001943737098
-0.18406898235146368,0.18543357778898373
-0.3169032739063978,0.2043447606649471
-0.3586050461212341,0.08028759260801899
-0.19076744342563123,0.5579778813866552
-0.09524032917918285,0.3312217362273967
-0.3243852798663498,0.10376913536117954
-0.04462254613080918,0.4050569890324317
-0.37970092580862225,0.12844384273641485
-0.3331478258443915,0.14174735815965972
-0.16770680021779855,0.28642751580938064
-0.31479365310103236,0.0882687184086014
-0.14485041315401198,0.2708093558686828
-0.29298738681736836,0.21762260015636892
-0.2924018683432672,0.025072943266199355
-0.4044172063530715,-0.16639021380005495
-0.17240234169577154,0.28833015853081645
-0.1011458173840727,0.37595549470062284
-0.024173626960626637,0.4435333631367716
-0.07635637982583443,0.3717332726171315
-0.2634522754370478,0.25581086879048276
-0.21682348600354392,-0.06095572050300363
-0.08187749430079397,0.317944117573848
-0.2755743820985785,0.22523552840658795
-0.19869036589379324,0.3625891039891984
-0.2734532325765726,0.20901311653469457
-0.32211144839490974,0.037691863168470285
-0.13962828773017336,0.2582881249848108
-0.23586591692585368,0.18540073857788347
-0.17772870518124262,0.2303971099868285
-0.22204888125902644,0.13494411958719282
-0.3972778546774122,0.08690838505901577
-0.15669613577599745,0.15788923895422668
-0.2192432921946505,0.14970103736153417
-0.323816923421519,-0.08582666750298396
-0.27727603546393065,0.21286378037387904
-0.2690273957779033,0.012446376542128323
-0.09736715563209802,0.35408413279083095
-0.1301646010473348,0.3030024739481121
-0.21140453590562128,0.3458678214034815
-0.3297298349701481,-0.0572298186561348
-0.2658635481190041,0.14184428572348834
-0.12813008612202276,0.36815182160051196
-0.2198085015060013,0.10188125729056124
-0.2502387159643912,0.16331478070211752
-0.2232848289949079,0.3777684695458887
-0.1262763362811203,0.40910840465809895
-0.23203455403485165,0.1351717138239581
-0.19019868434522993,0.2329247707037735
-0.12542644488327714,0.2814428934053297
-0.13274163269564812,0.3002995997769733
-0.18506874829989237,0.23171589709661444
-0.16377322182131412,0.12822708920399978
-0.3163647740445907,0.18264104989033236
-0.26125665205526255,0.11696753248623332
-0.10500547109575697,0.36183730785819446
-0.2169261737913704,0.3042003841108988
-0.1659719058748136,0.33363376889611807
-0.1798105262923772,0.15022725575625662
-0.2921307702107066,0.12654479644198402
-0.2988727699340012,0.12395927817195557
-0.3372755327285553,-0.1783472331366
-0.2016472792320743,0.3774367009597819
-0.11696693951471394,0.49192726832713374
-0.23563421482755298,0.17227036402001722
-0.04438149713034653,0.4075418722822012
-0.1900036605641984,0.11706605887729393
-0.20684640532989945,0.1969977590512993
-0.12065730137828161,0.3261724814687167
-0.15228819025162188,0.2695124232730839
-0.20347866481249427,0.3640281765988491
-0.25193834456541103,0.32571226268682696
-0.22174993645868668,0.10312360986825952
-0.3532172732827879,0.16707459824794035
-0.2920389518264358,0.1056870668351586
-0.03320385686784147,0.5167960387379571
-0.08724877118861346,0.3107399230866099
-0.286315239026545,-0.11017599188697566
-0.21768076634429134,0.14666000252074052
-0.13845184722892165,0.2526312051378108
-0.1075841437117466,0.3236095825462503
-0.41314155435273325,0.04891790244243188
-0.3673857838937581,0.04014609046560025
-0.10790380600655541,0.3434297515523582
-0.3240653008259179,-0.09202500235971359
-0.29905711843067545,0.2157702468326751
-0.1363976697794541,0.34908898248425047
-0.14669713599872927,0.23594269127631784
-0.15670257092970322,0.25513898973897875
-0.11977166200470797,0.3138190039451785
-0.2077881586446582,0.08361617430632312
-0.07714237909020846,0.46139894759325073
-0.3199623515625655,0.24566902450190786
-0.04233899200731572,0.36962939505998327
-0.19547527289614833,0.14963523088508457
-0.329612411119953,0.23695707276671302
-0.35456204201012664,0.0073513964661695574
-0.042440629457528994,0.33180350659640645
-0.1987401515464079,0.16879229068954626
-0.16772337941471907,0.3955997007426819
-0.2861204940800921,0.13150734594381136
-0.2616643863701513,0.03965075495600684
-0.2262221713104665,0.2523651568574119
-0.1542381251766337,0.29917751855333685
-0.27598210119633104,0.12177560755107558
-0.12576224465142294,0.38106369130470386
-0.09056261148935144,0.30889219437253845
-0.2407236593573734,0.24421909913045087
-0.19173792665516529,0.22992833281997482
-0.14589133086806647,0.3019105585545391
-0.14438670371986265,0.46992316462663186
-0.1254002260815495,0.32458111507477105
-0.10137321379978546,0.48934618352444825
-0.11562472663652645,0.26234476674613816
-0.20114449864420347,0.19401552733231148
-0.24445348413137008,0.2156477898977126
-0.15186906687381932,0.2995880740787641
-0.4303148712033306,-0.21779799805196629
-0.3786462271469993,0.14528426547170264
-0.2804099692912982,0.11543238173640968
-0.22133085725431095,0.2105516656555501
-0.2516172885159116,0.12089702496303295
-0.09688165898722159,0.41299202247954736
-0.3155405665132478,0.10958545339814152
-0.2916183847620013,0.024997049092393475
-0.39145048236123403,0.049624868637598074
-0.09887974087971621,0.27138075666824546
-0.15962534977625692,0.34048559391115574
-0.10035913797551395,0.5084862814948402
-0.18204216366895332,0.22088762118602134
-0.1564184138239859,0.4593292499704257
-0.117773449313583,0.35643856375402105
-0.12948268072139707,0.2819106658479461
-0.18572770864091348,0.4297937077126279
-0.2529581513295559,0.16049347018870486
-0.24468816223000944,0.24598740907940364
-0.2325106210080871,0.1664055499214715
-0.3261004711211553,0.1960856540963004
-0.1814618002639126,0.25700459423918776
-0.08864784057420586,0.317814273343735
-0.07719643981912294,0.3948544807904397
-0.22833795216610908,0.1659696530874748
-0.2998243696187104,0.07768846527382395
-0.31821493363415543,0.07097048303362846
-0.2721587526859786,0.26268441503659434
-0.05190190486639085,0.3091558598376415
-0.0867099962034821,0.3683464579895185
-0.19253705137620666,0.24045638738137154
-0.17018677387883252,0.2841106786118849
-0.049471397944807954,0.3049543599562097
-0.17000467661277607,0.28859722891416906
-0.1724734471179547,0.2650886678460136
-0.23353658533592506,0.2370563542402962
-0.2615184504757771,0.15489541441344884
-0.17330269381239904,0.2239808271539811
-0.2866413534683292,0.13085205203250455
-0.1341170514553396,0.26672843007497216
-0.10928504074590163,0.34800601319142566
-0.16082965335359584,0.35174878599886206
-0.3572720417115973,0.18559999868522825
-0.2620555212251112,0.10608772530451854
-0.3230264227880909,0.1808251432109781
-0.1922731615672864,0.10790250150523395
-0.11702576421630388,0.5279894902270152
-0.3251275963301823,0.18515951707528616
-0.121197303249171,0.278270824536614
-0.07609829195809345,0.5960897968021882
-0.2729065729316388,0.1850925820793638
-0.3125385253542704,0.1965179971255016
-0.06443509133319866,0.3367338428344766
-0.25851827062669563,0.1500562469491009
-0.3094020649402148,-0.06396069041648164
-0.06634050923455576,0.5711580297080174
-0.226709252651763,0.19600054381501464
-0.273743550048826,0.13357438446238545
-0.17640901573094195,0.4439953049790585
-0.20275272408930356,0.17180498978968073
-0.33408529335075643,0.03549090356268003
-0.1494700506428172,0.6230550300668215
-0.23764738456731566,0.20240219534382153
-0.3209601815329684,0.245160421404433
-0.3025153402996847,0.04223986596579976
-0.1065940409128636,0.24362889748852162
-0.21498325566791487,0.23133858955639153
-0.38522245729367754,0.11342497955565978
-0.15348398160176396,0.2959317670617192
-0.12465614480294647,0.4395618175871705
-0.3395682543947863,0.10444051635578983
-0.14868815502500832,0.5557068961847673
-0.283769828207309,0.09742920960949314
-0.22342964286006423,0.16580049387057627
-0.2921262378470433,0.003787315846271566
-0.15608563608025905,0.39725074043361797
-0.17780281965372113,0.18085582947149503
-0.2484812815806777,0.06724846383913313
-0.39602721648343264,0.12333466529007231
-0.1578472872738668,0.45583435501523706
-0.23375985423526238,0.19098502410572832
-0.12303325362183598,0.3246705077858061
-0.12995325316436673,0.34674756396840567
-0.26470531233147215,0.13036590866326098
-0.2103649297709958,0.15809100804881965
-0.139771223477413,0.3102584778612334
-0.16312635413428675,0.3337149406080875
-0.12601547023042342,0.44546423064899576
0.003910599119841901,0.36509906246449964
-0.2578250958459868,0.16340470211796326
-0.05588881700937523,0.5377255592553902
-0.274540209254797,-0.1143195633503912
-0.13117014715466627,0.3268420007817199
-0.2719980520577905,0.16827213362272403
-0.3851440547896063,-0.22207645723024175
-0.306974832472683,0.1696538466018057
-0.14672861588220393,0.4132509559624554
-0.24500459973547437,0.24851500271667482
-0.057277515830724185,0.4974588742819137
-0.17895703714157085,0.3442573109578836
-0.17288801022764472,0.1764815145392602
-0.11790839975177597,0.4139309185024277
-0.07291599899577433,0.5138554712701078
-0.2446646495737369,0.10670099274562295
-0.2407641411852982,0.19554983667553227
-0.2754432556601627,0.057027196334163865
-0.30386785939186756,-0.05330463628664786
-0.2579976707870045,0.2541338500970146
-0.30957845690007046,-0.01456754336406979
-0.10088369120157233,0.42050429677112655
-0.14855528681496782,0.281218193008664
-0.22144902692667104,0.2549813322376484
-0.13295605336107735,0.36886035018223706
-0.3302475761056691,0.006115876320655966
-0.32174975953792706,0.0953944105056238
-0.10728385815229112,0.48436984494915225
-0.3127839466465535,0.01832994284283762
-0.33175056288147386,0.1751974968619448
-0.11803576734269597,0.412375355391447
-0.06902157882861301,0.3351465924913165
-0.3673018434343743,0.17944832448702924
-0.2635809327442195,0.34784892558651737
-0.1742145933514765,0.22258956804317676
-0.039149424170979635,0.27622512889874684
-0.16476938732481483,0.24700702169488992
-0.16140590999973148,0.11599517162914408
-0.13107625632122777,0.3818071919882706
-0.07877784387659631,0.39451337067672776
-0.1435073527453974,0.3717191745473407
-0.15036432138867944,0.20757663605378035
-0.19651001073275928,0.24194964379864914
-0.4933531530975991,0.0077175404162665995
-0.17181815709964074,0.41694117454262947
-0.21516047632605897,0.1951375548237525
-0.23854681463589814,0.1220241472212204
-0.15988215463726616,0.38226870609733976
-0.09135936183110399,0.3539549685483572
-0.22392958619810757,0.25401527536481683
-0.14467667229879286,0.24514115055903396
-0.271099667933537,0.015721780063242985
-0.4293139501140698,0.07399052070922185
-0.06880309294656556,0.3636795125147171
-0.09482457816182646,0.38265243544381133
-0.21613343769172297,0.39869993960335004
-0.17892426644952666,0.05179624591818377
-0.30465855029735145,0.1696808800831976
-0.3020634352608703,0.18816245127819214
-0.26647135267439964,0.2911341503408491
-0.2928235972043083,0.11811947117576455
-0.055188138892864,0.4226510499274728
-0.3281331869147879,0.007285939711381584
-0.2690658130208055,0.11191536241633299
-0.19181891653297067,0.40483394539144535
-0.16910596048563933,0.3618724460685445
-0.390478889368193,-0.04869959813017069
-0.20529064388633328,0.20707294695324785
-0.3307888664617043,0.09076855036490089
-0.2671892438821182,0.24256989228152392
-0.20230782407122916,0.22283435582967304
-0.41336461881043907,-0.07952747454541939
-0.16456855120745667,0.26012439678975985
-0.2672626533600452,0.06426868670113811
-0.28048373611417743,0.17026278545297252
-0.34349559098248594,0.1015654900099836
-0.2739966244925517,0.1709504412445012
-0.14369142132272567,0.4487829124549322
-0.2180228519617013,0.19604174814070924
-0.17541919987211738,0.2757402424671941
-0.29862797019997595,0.15966029002228016
-0.4063973874985589,-0.04123602300479892
-0.3320542018083456,0.2584796094615248
-0.08815091238460801,0.3555947521830263
-0.14586310881419995,0.43101460966095373
-0.1711712614131552,0.3400955427465835
-0.029963486010917362,0.6655260542597162
-0.3046078202304308,0.10108494828641701
-0.24867567288592296,0.2613121036179341
-0.27146638289650477,0.21813063063714133
-0.29761109079360853,0.06689427514198942
-0.4019685499007542,0.03639397623340018
-0.16814659477096125,0.349653799675645
-0.269965206073395,0.21898542758155187
-0.34609474285410563,0.14951537563014644
-0.20933849808429877,0.23588079677873092
-0.10419492169810632,0.5643432509445858
-0.260651916144972,0.2173125588289756
-0.14808451894463015,0.19759639695436626
-0.35982426253510774,0.11626794912418165
-0.2716481226025743,0.24858405576460385
-0.23372332671070514,0.25779164438329305
-0.18542273361409906,0.2611547447119781
-0.2275231018227671,0.1945738563935206
-0.3599161364839818,0.017717550270886895
-0.22478663927639944,0.2583193867057436
-0.051443945343326414,0.3882942718754715
-0.17370089212236833,0.2663651007087542
-0.1546361739542586,0.1304953395509323
-0.20723042322740745,0.05097983643258808
-0.1315673143924343,0.3404182673848021
-0.33798992124098876,0.15930022565675817
-0.20763285525183908,0.23079417553220277
-0.368010804469733,0.04117120066289526
-0.3540550130320751,0.03120944444901219
-0.23250391753619024,0.16025749521706523
-0.23320666707586962,0.07589461345491405
-0.12767910759936912,0.3462008476060423
-0.09227327375486824,0.32625107192747604
-0.2509387199001612,0.15192338765235763
-0.1625941979513984,0.5251911543423687
-0.17710427705857112,0.2499385964027525
-0.13047097198722532,0.4355951404478876
-0.34458994401740195,0.04721288408087898
-0.3283094210483727,-0.011381493976487495
-0.13846762691347922,0.3862840603999156
0.010051469581369016,0.3215143344707151
-0.09984687100122505,0.24192077297940778
-0.05764246377214555,0.353354880232431
-0.2783710331816952,0.2864792596592659
-0.15834790398253817,-0.02533007789395733
-0.08727358101717164,-0.02903499927857156
-0.22693849164878996,-0.060955787938504646
-0.2568044524705244,-0.07077814626185022
-0.02484596392251026,0.025626015755441656
-0.06727692447511449,0.003717468588951056
-0.30290305093286096,-0.10806721350133092
-0.32858805003660424,-0.14288166439496375
-0.1304745897463644,-0.0449457052987616
-0.32104075409477506,-0.14124226674556817
-0.06862108615521373,0.005581393740321794
-0.347060198319478,-0.17828993304458907
-0.22896487679084293,-0.05784758136144805
-0.24114822479684667,-0.04970115880266937
-0.25789261077667086,-0.08230012269435061
-0.07085515871282838,0.020536227671983875
-0.024868732559387513,0.041343680890546075
-0.30981471561979096,-0.11751356774769944
-0.3171545434496459,-0.12117650496737947
-0.1007389107262165,-0.025339575606664583
0.014809632018329993,0.11905135769514286
-0.3315995595014833,-0.2172273274076804
-0.11920020111559787,-0.02304482991599982
-0.07788838774204102,0.0009279471262931827
-0.3204075862316497,-0.13210757627988887
-0.01133178613072544,0.08782338004697676
-0.32392728866691006,-0.15218566983656018
-0.1836693099482188,-0.0716833130386487
-0.012911499681570543,0.05457729203775474
-0.006623047340291899,0.06737447170603234
-0.21219371793435912,-0.04472424848800441
-0.044493402322522635,0.015144809012940574
0.008483756179549606,0.12994174804099456
-0.016645965460419992,0.056809906985105574
-0.28752512385075635,-0.11696443532007159
-0.01647647573992944,0.06486703057962595
-0.298832106870751,-0.08640029813068661
-0.19455630197598375,-0.060103313242469175
-0.2846347957954422,-0.08196688208277006
-0.2976230586947655,-0.11793555333445194
-0.010591719267931066,0.06355421798335603
-0.07789071475243003,0.006644395092903599
-0.2722964960179505,-0.05770722344238438
-0.21470719014971779,-0.027259327875043593
-0.013459319336348669,0.13289600526291617
-0.16449442424738214,-0.036981879997738554
-0.3133949853119691,-0.10962113359761355
-0.06002530098085357,0.04640228880792319
-0.1557880665355729,-0.05299795984018549
-0.1911373109087688,-0.0124842688212011
-0.033969008497125724,0.040349090134993604
-0.32348526147394996,-0.27301267604277135
-0.012147736080203198,0.0801928550507624
-0.11722212615988081,-0.03914331578267022
-0.2761001877408022,-0.07525179324522507
-0.31371098475073655,-0.12041343292076623
-0.022581091283815358,0.0461586622954433
-0.3574007509534314,-0.25453466146360565
-0.31574689981344695,-0.1439327045663828
-0.1508058713566902,-0.02352210876869415
-0.0030608460793989933,0.07191858781585309
-0.17687094790450264,-0.016966907887193267
0.00227757977217119,0.08925033290603673
-0.022472694271400723,0.04657746749402736
-0.34603022338754824,-0.18748239621476098
0.01156796744453828,0.14829665642854772
-0.3530961056902489,-0.2583616519368631
-0.04665323513769479,0.04614573257827509
-0.030600568239721515,0.027751679101756577
-0.28343525819486004,-0.06555101445103415
-0.03436004618199795,0.010323540400309084
0.019809230450877513,0.11801086629512308
-0.03969198737478341,0.015183151323185984
-0.037235019283963805,0.02912724271964673
-0.03941739693786617,0.03580179512544518
-0.2177010081032638,-0.04462433676462366
-0.1204295597753332,-0.039489345647134716
-0.2948970902864936,-0.08416776026313336
-0.018275999581791436,0.056470145079385414
-0.16511142387388986,-0.030425599417806037
-0.012403394384515987,0.09957732633547067
-0.24209123544582703,-0.07122127232028919
-0.2965236817019988,-0.07422093720922923
-0.046839386719602694,0.000744118160923013
-0.05396142403134008,0.008373976639212855
-0.3289623556153294,-0.1986958300006228
-0.13230578685264788,-0.03654741472542261
-0.31046427078140926,-0.1058708472951703
-0.33277719271108974,-0.17261626391822507
-0.18937645837348904,-0.0450997265907393
-0.24022884747043052,-0.06319005091372179
-0.06512784025443819,0.043626656045243795
-0.2585468999576095,-0.07176938361267646
-0.1844488616418138,-0.06157149634194836
-0.05236234895833933,0.019651743153748902
-0.07725931427927038,0.0009224495355339979
-0.019028766267675357,0.04606756044327659
-0.0038872586142200405,0.07886298833842192
-0.3292065864544141,-0.1409538512858874
-0.11223985957328546,-0.04517652123499613
-0.01098253692487805,0.05478103663739864
-0.16173251594300925,-0.03906584805383034
-0.015516795248126602,0.048027383036429394
-0.30561018443018134,-0.11854214095557492
-0.3115226717256331,-0.10419473557519551
-0.11269876566306698,-0.033330648723627065
-0.14283660588501707,-0.03394085322539758
-0.15566996942119554,-0.04708956570932288
-0.25664147921983893,-0.04291796489363914
-0.2940853647478848,-0.0683469543675844
-0.022861335526985743,0.032985092454837384
-0.29387061628510003,-0.08158980662496212
-0.2991945850162977,-0.08703974334156364
-0.04130691673707204,0.005342652690562888
-0.3238906871543097,-0.1680296098493726
0.004535847061443166,0.08513316211422844
-0.06926654085240397,0.004870824904698312
-0.3082150157840078,-0.10405356771524318
-0.2832433411391696,-0.07057586346605538
-0.3158522866646172,-0.12150661593769391
-0.3423988626031805,-0.20741810611929462
0.01364138453929073,0.1656168015190161
-0.054617181719350455,-0.00842717635901194
0.009292766177446454,0.09722330119199041
-0.3289761925773733,-0.21586212040196487
-0.3070808256286002,-0.12347828658202709
-0.19041808508035923,-0.0621722463906704
-0.013526960166442531,0.04813398702402549
-0.08628828859309978,0.0019125055581913353
-0.3132504316842863,-0.11055148109243165
-0.19755075256757537,-0.03972490001762494
-0.07382688507173274,-0.00586858770254195
-0.05434471517909614,0.006799838738480557
0.01582999582244715,0.1193895948753888
-0.00888536669325593,0.05766494411663581
-0.19294840116675316,-0.012746183446004589
-0.2783926123530976,-0.08702528904464549
-0.0900772786489773,-0.019255656634410645
-0.03449001091684298,0.046524927420551476
-0.13760870888775414,-0.0028114912854247387
-0.06469905559630118,0.008823752002566354
-0.13840864208979117,0.004671963974693327
-0.17623830616758146,-0.02310213450363857
-0.1288967266601525,-0.019576203100571815
-0.08430578869815791,-0.003999549962428267
-0.1037833735636823,-0.0011349198703414776
-0.3235319004108745,-0.16404217296065776
-0.008467939630604132,0.07256826948139145
-0.000881690922356182,0.08928290797058624
-0.246264822518707,-0.05696513015870244
-0.09206659004740142,-0.01720789713898002
-0.18409450509096098,-0.029375187650052342
-0.07436266526844071,-0.010252200228281078
-0.20136973204792066,-0.02198318335066704
-0.041437370813707686,0.02312274095972172
-0.0920830571722083,0.00430421333701414
-0.2659996811463284,-0.05738078344162861
-0.02530152251190637,0.036711208361770276
-0.016440485756178652,0.047386292761099846
-0.16692810404473596,-0.014440929231136185
-0.23321214775888055,-0.060198242573219984
0.00978410378938746,0.1488340261664685
-0.15919136790137706,-0.060242361619555845
-0.32963916923825837,-0.14136554092971215
-0.0751271215280557,0.0006309007458020766
-0.19227087768468,-0.04964040658674926
-0.1956943859748444,-0.07412377353842198
-0.29971492154795687,-0.10544194182041366
-0.1537646370830722,-0.023924655929788874
-0.2838320191370048,-0.06783379828663702
-0.19610077406691812,-0.06734723759624714
-0.0526893376577765,0.033314576505176885
-0.05126582740074423,-0.009520908991489885
-0.21157769967182202,-0.017325238818725552
0.008883727894516302,0.09672621939510867
-0.26809893413022007,-0.055054243362855776
-0.18331319082189035,-0.02926277132234814
-0.03307010300917104,0.02914928588541904
-0.030805948332910504,0.06456049070787218
-0.03292446645534142,0.026976319924069292
-0.010348089618453571,0.05534835181088582
-0.19055316119851098,-0.037951708511657134
-0.10090110519047965,0.008097901558265563
-0.1512582674511685,-0.026880710587131984
-0.19453373016846137,0.008264570872303423
-0.3284979086192072,-0.1467474999539734
-0.17655353335301377,-0.03488006422502399
-0.24105971644508856,-0.06584583382507869
0.0069877861978649425,0.1041879147806149
-0.20649791372632537,-0.0646529141362715
-0.0540627263096122,0.004719473132891672
-0.2782952891683044,-0.09047392849831384
0.0035097180407543394,0.13524504521699376
-0.24577370803469897,-0.033565205400161224
-0.0018958354746757,0.09256666241178557
-0.005462404444319308,0.09648297823037666
-0.306452888935538,-0.10397666083756982
-0.296609914746198,-0.09662258813403851
-0.23342119807895828,-0.07697041172598981
-0.013740889528624012,0.06329875329238438
-0.3445657959609153,-0.24493184197112375
-0.3028972470468838,-0.12343361160014887
-0.2569016650234179,0.005097985430072893
-0.25340516878841407,0.020970334883252506
-0.27687317701093583,-0.046438229595100355
-0.31866981701290265,-0.18372007699554518
-0.25706678917787457,-0.004309808933215281
-0.31459703812707135,-0.1585124991659926
-0.31292176806306327,-0.14400053326895454
-0.12438741791048484,-0.03982018745188162
-0.14749034817498083,-0.054708371841206166
-0.1568683971853058,-0.0043018917438273074
-0.15878693224860163,-0.03519975962050692
-0.09843372235964717,-0.03159148653181956
-0.09219163928186405,-0.05622558395561483
-0.1776841746074436,-0.04794191236902037
-0.2095821708452689,-0.03189489018316288
-0.1864584793169835,-0.02792102970480101
-0.24195354179119327,-0.0627009896211771
-0.16530829714027834,-0.0540161326997084
-0.23245314907884262,-0.04107632124118271
-0.15548258859302197,-0.02357295203792073
-0.13244286647024578,-0.049137375179170883
-0.204761583816722,-0.03672245873056104
-0.0888207752612698,-0.012916718231037877
-0.24985644015468805,-0.04455813159325761
-0.15806193173089855,-0.04321158532928521
-0.20739518755875325,-0.05905889567372702
-0.1876377079776154,-0.06345540238719227
-0.1409326224519617,-0.04555050111903999
-0.17915363335051862,-0.0430597532086999
-0.19271570155999335,-0.03687473679713929
-0.2614352064860541,-0.017281800920948637
-0.13113329875373286,-0.03402465796070284
-0.18268716116314018,-0.0016319822584366928
-0.18574333699714346,-0.03901850622607103
-0.15535662199984185,-0.052489491338220534
-0.22192558550614302,-0.05563007373396939
-0.13918929343216072,-0.038715910896255534
-0.2933148509297121,-0.040653463908960824
-0.16466259095941774,-0.04235028853310871
-0.18766134583517763,-0.056705790290823455
-0.1190499890535778,-0.044903742488527354
-0.2738359242826251,-0.035033102362112434
-0.21900520533100432,-0.055044217298319126
-0.2807218300341243,-0.04468230652033428
-0.1294342109101872,-0.042486125432673105
-0.2167689420532945,-0.03294728944784758
-0.02775612052080237,-0.01974673697759835
-0.3384309042427791,-0.02046348301600559
-0.2522214744113133,-0.05602016609469157
-0.21991304220129393,-0.06475126910751872
-0.1995555281157932,-0.028100480431107633
-0.0741847191023843,-0.008321126443822713
-0.1460850836332935,-0.02747152257254243
-0.2013103917276863,-0.0486287976356998
-0.09732330392098401,-0.04111289443795607
-0.14604786431978511,-0.021416396603164606
-0.08905718368813678,-0.009294238836687119
-0.17876682070280675,-0.037068364626595934
-0.22207815070231898,-0.0554048213371833
-0.1312170718669125,-0.028586121631826444
-0.24216273926036633,-0.01064426658438647
-0.1053031515895661,-0.03677100276158726
-0.20145245732182324,-0.05160103978563055
-0.05807275136071621,-0.059072548874340214
-0.22210076088372022,-0.04516113922335821
-0.1522786739201059,-0.04615970631603625
-0.1538760331614754,-0.03813480163122415
-0.19059896912921903,-0.021237919684486822
-0.10761042067818401,-0.022607510377806866
-0.1307317388111251,-0.0481185338041307
-0.11798212404609741,-0.04107669941682854
-0.1684815795999309,-0.04993984125372128
-0.1613148565485224,-0.0040043852350029885
-0.09369490697724692,-0.026011951777527104
-0.24953664925859584,-0.05726611589271621
-0.08929563123082923,-0.034322120633122066
-0.13175591418162869,-0.02936179170011277
-0.20764668811646403,-0.03654785821827369
-0.1661872306030585,-0.05114481371587107
-0.13871020177680504,-0.03769755087897014
-0.14376382420054984,-0.02509918751758436
-0.06787307285767985,-0.04073937067832084
-0.2699805023229498,-0.026217956870074666
-0.19430139957114698,-0.03825341118014716
-0.17528336210861864,-0.05678037915835471
-0.2655715556963158,-0.015162683933505616
-0.16333427794005856,-0.044121137360673135
-0.18500673251971045,-0.027277285612958002
-0.08601772810172795,-0.04968821141709623
-0.16626006650831116,-0.0289279942464834
-0.16170982902497003,-0.04944115262622839
-0.23343741339311436,-0.03216589470893652
-0.14829940803886044,-0.04124163741678358
-0.2376845459413065,-0.028594147240503687
-0.09782807629942927,-0.03599234997638168
-0.2427944778948658,-0.046102590619526984
-0.09910449847763371,-0.04008921457209361
-0.24276851094414975,-0.01983414816800272
-0.20004212015730893,-0.03188178348139875
-0.1830964582215552,-0.019743363187282315
-0.2293242567625421,-0.06801206170946575
-0.20254106917534115,-0.06843617323963386
-0.15259769927418335,-0.033907411712660845
-0.13614428205867674,-0.0052353463614381035
-0.11214824545008503,-0.024239382891933947
-0.17190651643276322,-0.03264596923119081
-0.20389880927172493,-0.0541504285173571
0.20767081688909594,-0.35243433347879527
-0.18796203523983257,0.24942146613905591
-0.0811142763489679,-0.1880257975715362
0.4575309690319126,0.31870141837015264
0.5303574737611856,-0.23604261336710358
0.5139995629159422,0.18298358847692708
-0.4735876963467749,-0.37028207720267714
0.15956215911207883,-0.24866724479370284
-0.45478774131999533,0.41573014386411633
-0.1739730102484091,0.5686508304739244
-0.38701545388036634,-0.06948768599495359
0.42491478665921334,0.031039469021692967
-0.28234824247326773,0.35780499033293356
-0.32841996594008255,-0.26938725376258094
0.4174136921015069,-0.32680181046722573
-0.13228820624018162,-0.2646303268058755
-0.14063381476799375,0.1405750854864911
0.4380373140234953,-0.2002597627029566
0.1524818609683264,-0.022859857251120275
0.17489857323692848,-0.1582325170853645
-0.21275903855178474,0.37885018740069076
-0.0324451917993091,0.21496681441232102
0.002186194235810346,-0.39892560964525076
-0.1882544370111116,0.0966788269846065
0.16997986399387488,-0.2473043212276923
0.04684273634032643,0.5960260860286504
-0.07455839883352022,-0.19334539763975112
-0.396918068611972,0.48901147731652594
0.2392509465639936,0.08560468014116007
0.3656252888805004,0.34133136885014814
-0.19143973148968463,0.4310609803474311
-0.08193772359570606,-0.40352970770998986
-0.1470409021181912,0.324853557778057
0.5756585534330998,0.2915659827703503
-0.2728552591972398,0.0071055343378491065
0.351621787805829,-0.004183900408481878
-0.17713136120694944,-0.2232680768960627
0.012816174935529223,0.09614872359596138
0.18297958944007908,-0.37774922025473334
-0.4539165110642582,0.3946672774783324
0.3556676662805214,0.5460479369742479
0.0575260702748025,-0.3818756007635389
-0.3912216454905663,0.5249089830098661
0.06347721197060141,0.4264494956234647
0.4146441060708208,0.04602692981318168
0.37838587673297974,-0.1599611761556043
0.2776791879066365,-0.04419739578048182
0.5130973813886615,-0.20016949723622413
-0.3426412967988467,0.5023651481410893
0.46337611052300354,0.2175005712751884
-0.41601374468715874,0.08330883216359675
-0.12645057946247995,0.3069746885135922
0.1481708847264106,0.35370388728123836
0.2262963047966603,-0.3564213458549955
0.30367459907679306,0.1788269156976442
0.30466232915665603,0.5223381326879932
-0.15188396929399212,0.2002138683947554
0.5356381521611262,-0.14095109297984615
0.4065941108597768,0.5271815474641175
0.32205678037548724,0.4362001820363314
0.48678815169530476,-0.09134813307649314
0.4320100262925919,0.21242762938005366
0.051802842638545066,-0.0006663490078986367
-0.47228073247829283,-0.21073886525298413
-0.09860408621246158,0.4149036427633246
-0.12394965634322935,0.0618157666586473
0.2036961795351424,-0.15672493152571665
0.12152303806930809,-0.274903773704127
0.37259739223965094,0.3086168235379262
0.07650133129335723,0.0569742325604754
-0.1299234023682479,-0.15378235258913697
0.5276113858833682,0.19225002174739436
-0.08076396110060674,-0.1386312030552576
0.2893680680536431,0.05095146296931807
0.050626477225683475,0.3254638777047524
-0.13960230760347275,-0.33177190816010504
0.005298359942857989,-0.49870763631599163
0.2734539324951215,0.4284408506332107
-0.03740320899819727,0.36367250442495813
0.5580132811629295,-0.06266752096489892
-0.10346263601966477,0.38258337832894573
0.25141901193313243,-0.3420003343549213
-0.1652208886986184,-0.2864534284079938
-0.38874790973119544,-0.4683394139162705
0.20386715170569447,-0.22438443095154664
-0.12759293141435274,-0.22799600459166075
0.573817502819433,0.4009391031854459
0.24938384938701152,-0.30729503318925566
0.14465414523184583,-0.13755328795149885
0.32712494868856445,0.5019025823930106
0.4976479362120404,0.21858607965353616
0.04824133398360497,0.045947392076314264
0.28080919659241255,0.4679016802776189
0.1863126045428649,-0.11451034295110774
0.2951351465412103,-0.3724935706099302
-0.30285388260889645,0.5204748087309974
-0.3837348097864346,-0.3357639754625048
0.5769935506480115,0.5787970690783482
0.5346825182043093,-0.26228401660607803
-0.3058525705711971,0.33904995444416886
0.5967870743661638,0.5107460315987116
0.22931403902799607,-0.4702967157802058
0.49647542296672853,-0.13768647430431746
-0.2086849866825909,-0.1236034399082031
0.2788434800378453,-0.1214340060044048
0.3323624303918442,0.07911045887146118
-0.3649029366456687,-0.3242755020809489
-0.12155257308234768,0.4380830642384297
-0.07134596133088578,-0.2058449894725216
0.010839744192394418,-0.002030956312099763
-0.4503724715650562,-0.27112401200004405
0.2218582081252245,0.3325575031789405
-0.17809020102320172,0.13863536127249743
0.2005726953732746,-0.2983198252546989
-0.4515158434288795,0.054955875801453
-0.38034115829109266,0.5932103513381637
0.5898975112156788,-0.13654320507908158
0.12942204681989455,-0.126771852911579
-0.12493804038328493,-0.3693996466847903
0.32129589332642017,0.1174309431355075
-0.10347531611799965,-0.2576408026401211
0.04898722427212254,-0.4861024784387599
0.377143170244818,-0.3422088878212488
-0.4361040606772372,-0.22576172467061728
0.46099132661567577,-0.05083858560983645
0.5904053163392944,0.2609112245794756
0.0060012307791509345,-0.19696258842979142
-0.08553481375953265,0.0009672317794415797
-0.2867817002519289,-0.03127763530736605
0.44109691648900606,0.12620960822603855
0.5412624534583967,-0.13449330121137498
0.10377634986623852,-0.3441789252934163
-0.1228604998604082,0.0725974823947696
0.3724932797023529,-0.21012673286405353
0.256008589141244,0.220349297037016
0.33758784529894115,-0.1929903065521424
-0.4211864379758534,0.0353298309208524
0.2884478324926705,0.30478104735646927
0.01734766964491452,0.319728271203675
0.5637119516882763,-0.4343214490218204
0.1753979683225948,-0.4302314527184563
-0.12789701153082217,-0.49479421064817464
0.5996511678273684,-0.22626066177748838
0.5092920878976079,0.017330195678168514
0.2969974064063924,0.46542334640053806
0.30814435337646306,0.39396213378638434
0.5794284283906539,0.41822947467126415
-0.09273186157613716,-0.16136966534118397
-0.443322811668621,0.3270462593916982
-0.0507392079840126,0.2838878332761119
0.5307766417630564,0.13634969813202724
0.10491644826750623,-0.12587149387110597
-0.27164321829965477,-0.22685580982087472
0.03592910462597887,0.34844764487022295
-0.021635711437998806,-0.20552044009027032
0.5763305263747196,-0.3293455430120539
0.36110477408843467,0.30389925561134135
0.06667123834401234,-0.020733782993852312
0.02932861127453834,0.1988711059977566
0.3591001080411006,0.3925320387186343
-0.45371106719879817,0.4890347330006902
0.24801110614151667,0.2725251970826418
0.4339788526544396,0.3184638002305491
-0.03816868034282145,0.4491578340318395
0.3541176389416322,-0.17704308510570316
0.5233176840418778,0.008660097481624662
-0.35119794646426067,-0.23098435874364664
0.40776592542356516,-0.1293855548020293
0.06667931887251932,0.22973947926097238
0.06687531691062787,0.5676771252474961
0.22241790216281698,0.30927957267481265
0.14093876836374342,0.43856926985423916
-0.35678748887719147,0.1488151165424929
-0.013104080730124923,-0.3012899348144932
0.1240293017383437,0.05798056796957174
0.19198067083637427,-0.3109435738180345
0.011341464700912574,-0.4118355322178334
0.3674861370030029,-0.3992170429365385
-0.4566858232350644,-0.3814222287485448
0.5605957532052526,0.11976010138451054
0.2836123799690178,0.2935019743860894
-0.42775178936160274,0.5160399434916796
0.4752249775185525,0.22037419560202387
-0.3232778257756056,0.1386992186202317
-0.11255017322130623,0.2719539996327436
0.05533931024368777,0.487046427550092
0.21921457813331724,0.004635234693783574
0.5080862835907545,-0.13562776038086416
-0.04271285691908927,0.5857505630049102
-0.25127161204561443,0.2671307129983682
0.42683322428023474,-0.28223812270008763
0.16572990618068917,0.44288047111237583
0.05957328116909455,0.3997375344608445
-0.09089411411722392,-0.2330729483398889
0.2701212581300645,0.28228856923443413
-0.10414899816861972,-0.4608078131297308
-0.20400127831482862,-0.4628061458556099
0.3162911341901108,0.5124706349105912
-0.47294276830805904,0.472761840207213
-0.2530538796850748,0.4946788758286087
0.3102790674211857,-0.15321010380456457
0.4415381912440103,0.2653592791468966
0.5684776382717529,0.5552212316654128
0.4384096084913238,-0.008251093755625882
0.25118016294458434,0.33541261183930593
-0.40978746444147157,0.15492801194686756
-0.11763220449465123,0.4029905427826126
0.2573122902524485,-0.09020109179909991
0.13816061408319613,0.2383884947855598
-0.3525894134045251,-0.40904473277791975
-0.33572152238657027,-0.192449229034661
-0.24812050319401702,-0.32893699101390805
-0.49359153394929517,0.4413676733371307
-0.1416833262544217,-0.42180563696972456
0.03575674569635667,-0.37595885143178875
-0.4378977753334015,0.4532287285801261
0.4621835445219329,-0.3936403171876002
0.28460925079673927,0.3454274186451075
-0.23793074015077437,0.46235606379761474
-0.4147097075265568,0.20649388283656722
-0.008694993522667727,0.21692645200825567
0.09045463294515765,0.4970709856870915
0.5638006264331221,-0.19498671599612044
0.11082403584700107,0.05447955739822952
0.07137574342001096,-0.3194333227380661
-0.3415579757583194,-0.2624630493935389
0.15240666451281815,-0.385197977779726
0.07800166867861902,-0.48203132268371174
0.5273640861940339,-0.28520381657720417
0.05451390280887192,-0.4055988779461902
-0.24423912293834882,0.36132248432942393
0.1908965796765979,0.5015438166541208
-0.2653039628976504,0.31256528446352794
-0.009125154285336945,0.24741829614969468
-0.3603526588901593,-0.2184910589395445
0.3896973723352477,0.18387730454009032
0.5700713441627712,-0.24376223291875354
-0.14166017590815944,0.5773798716644802
0.063247929213048,0.47887728905832305
-0.28167280302793807,0.21591734681288643
-0.3708373950687873,-0.09592864745006902
0.2537412850781924,0.42114878089010377
-0.42674861242741347,-0.29551750905512386
-0.41568761701506474,-0.2332998195212605
0.5321281834185332,0.5550746407904623
-0.19138468296155126,0.4883174225354525
0.07649259673057907,-0.03051610557451606
-0.08093240845837574,-0.0754513237027481
-0.48577473361704737,-0.08651242699115386
-0.07869796302537418,-0.2676795183196267
-0.1788393265520158,-0.20208338770713563
-0.04457976898006133,-0.04361555685119295
0.11893186689690782,0.542626741788955
0.543972707618716,0.5235575733041034
-0.08117777289197348,0.19620125674446132
-0.08222308039706672,0.1284258420968959
0.553772323762727,0.5490906888588187
0.21158447932212,0.07141051557280675
-0.05887549172806544,0.371941282274161
-0.44665837349318227,0.32755624185920473
0.1352048348073671,-0.4912342071913476
0.25936046933768386,-0.21528240322244957
0.21354531646094754,0.5309415689387569
0.5135022240791256,-0.06640825239438303
-0.40319529384489206,0.4294704119578222
-0.07071689543640902,0.2712695482821367
0.2644322404007541,0.34515915709019407
-0.1131092030807766,0.23070136014728904
0.5877076337483937,0.39080698538551695
-0.14641301897839198,0.5977731734990377
-0.3000850004292833,-0.42183042104418167
-0.4154274071263015,0.3753675635197964
0.509376187565109,0.4339509043021784
0.20801804037250426,0.3248424961003875
-0.029748133152057266,0.1137617850432261
-0.16294137408451365,-0.1606007099415756
-0.40999285742018743,-0.4180566490882056
-0.2048147032369793,0.02290440769886193
-0.2860015457971552,0.5168143782537187
-0.1840535017967168,0.24074151897517526
-0.07356220756295667,0.3716944722294242
0.010961221768063356,-0.31381941795187623
0.3689958692756632,0.4846655364307322
0.45341228460848393,-0.43825224334322443
0.37818926949635256,-0.4239565043550382
-0.2301978818282711,0.13533345444724365
0.5955306575541888,0.10749153231866071
0.4335200145514968,-0.3632567039304372
0.28431128969464825,0.2721960490694829
0.5818719991863146,0.23493903218660905
-0.3083620611564869,0.36794972452700114
0.32296619262549187,-0.13793608355302078
0.24171700732090606,0.5898436866844976
0.30111185658730955,0.25386464886699434
0.4615125454989526,0.12168368037314403
-0.131943444932616,0.47058036667375636
0.44722835528290084,0.08499847543906425
0.2967110525161668,0.2309819542935928
0.30733506198904004,-0.4796194911581255
-0.38090627596386434,-0.09511333991218579
0.47264127379431664,-0.1716254953216269
0.39335704738463284,0.23837610137388365
0.10975638195792725,-0.4856470859142383
0.5797468674115187,0.2986988029866363
0.2615038310365124,0.4430738714682988
0.10589044892264543,0.24138819546131007
-0.00911083509242927,-0.17450077079445192
0.3678700366618528,-0.028443202990130645
0.10751319910604573,-0.06012851711381839
-0.48300442154214895,0.1792790063811418
-0.42725076196983736,0.30753652308875246
-0.17374665922920257,0.188554424511711
0.5969581859301516,-0.18042989612557553
0.10891274205699508,-0.09275677631276247
0.14068790846489154,-0.24348982622153786
0.4290279519588891,0.0765204368143304
0.5757324379929232,-0.2807610844690494
-0.49363217011552596,-0.04261791066171322
0.3386382787259511,-0.15922482507272367
0.2709964340463682,0.5647162747590029
0.11366684464345389,0.08781290428310429
0.2435186847239138,0.5545722156604613
-0.47697564223554684,0.2805205029193547
0.4275437604559149,-0.2987018524902445
-0.24698748312379554,-0.11424998629997535
0.3149870962985961,-0.13931971531622445
0.33670098700425466,-0.3212477217123793
0.42402795811846994,-0.29214869593805937
-0.3888779021529511,-0.2456364836404331
-0.4073999432015205,0.028531941102740377
0.05380277639950071,0.23390684126119754
-0.10055359911168399,0.09327764537939609
0.401310645588421,-0.17666442176771657
-0.33032144585300394,0.231907894831207
0.5962453865703701,-0.03529902652006622
0.44816089931802616,0.4081140073302284
0.31468667933307426,0.46596906231738455
-0.10182849178679709,-0.4961665765818766
0.35393456509512655,0.2845246284314198
-0.007678177784771312,0.5480284501650405
-0.3453001023316925,0.399331316736499
0.5300171458751712,0.30991022654146894
-0.4932003461534555,0.15292738168866837
0.3638087151411886,-0.3919534860272542
0.4875567647162756,0.28018314581546166
0.4331297526619581,-0.3068895806487002
0.4010710602946391,0.032299581700256486
0.4589783673327188,0.163523048802804
0.5145774371703351,0.5199187977891733
0.10451163279990405,0.304121704930565
0.5558870525091992,0.4862875484732334
0.16006041152056272,-0.28475822558594166
0.13038742870897546,-0.3212929903348199
-0.3283747929260594,0.5583963048254557
0.5917488973182903,0.1958363739565674
-0.3748968230412777,-0.03653208300139793
-0.07636396992048222,0.10932892210233724
0.4163509028817426,0.4954514654056722
-0.3247402712269164,-0.1319678038472168
-0.3158844474349558,0.061644111591493744
0.5847364247714613,0.06767252499712839
-0.21002378466788746,0.011897824295113768
0.40588765069492605,0.1754616983933045
-0.134115768816566,0.331671131767994
-0.39520707139960953,0.4620409578120338
0.2889539767703513,0.3225122359419462
-0.11988736249016185,0.3012663826276111
-0.3303405226361669,-0.32826052508555914
-0.11838712110184935,-0.46934460645337395
-0.026351495144563197,0.16769513251771495
-0.35717954512563066,-0.042069359401568696
-0.3336810600736583,-0.15974314145869017
-0.30638188060449245,-0.2553598514990548
-0.28080108769094014,-0.443970659108671
0.10761937270940503,-0.1588356954695272
-0.18002393333379962,0.4035051042591429
-0.41307730372607937,0.47182393244871934
0.5497681818260904,0.44278573212616856
0.052330471635991804,0.08594179749893671
0.030622644754858874,0.3542061557349482
0.38289793798966243,0.18612790122774947
0.3575270407542219,-0.030908814875549306
0.3001754615053216,-0.44175111836774233
0.27717525546448185,0.45432020400425677
0.06879279877188571,0.1853945709615421
0.4873648234023038,0.19154657141989317
0.2605711514393029,-0.38795903183481906
0.12553865400308994,0.3484578189264985
0.29428723294598425,0.09729627925547069
0.18372373307669443,0.41811539870661785
0.3132038910879399,0.37209920641799155
0.20391649293730152,0.10416222803426445
0.024842779401313186,-0.3840839719145096
0.4954876977514687,0.3994642036319641
-0.15371652180120277,-0.4629865754577953
-0.06361037185308571,0.013804327492356827
0.2847415539221212,0.3019981537669837
0.5024314292719232,-0.3002957952676604
0.5382225571921189,0.19412199342208858
-0.08688887089225,-0.2092721037767481
